egoid,SelfEsteem_1_7,SelfEsteem_2_7,SelfEsteem_3_7,SelfEsteem_4_7,SelfEsteem_5_7,SelfEsteem_6_7,SelfEsteem_7_7,SelfEsteem_8_7,SelfEsteem_9_7,SelfEsteem_10_7,SelfEsteem_7
44869,Strongly Agree,Neither Agree nor Disagree,Strongly Agree,Agree,Disagree,Agree,Agree,Neither Agree nor Disagree,Disagree,Strongly Agree,39.0
43516,Agree,Disagree,Agree,Agree,Disagree,Agree,Agree,Agree,Disagree,Agree,38.09336713688213
89411,Agree,Disagree,Agree,Agree,Disagree,Agree,Agree,Agree,Disagree,Agree,38.09336713688213
74285,Agree,Disagree,Agree,Agree,Disagree,Agree,Agree,Agree,Disagree,Agree,38.09336713688213
56527,Agree,Disagree,Agree,Agree,Disagree,Agree,Agree,Agree,Disagree,Agree,38.09336713688213
16819,Agree,Disagree,Agree,Agree,Disagree,Agree,Agree,Agree,Disagree,Agree,38.09336713688213
34591,Agree,Disagree,Agree,Agree,Disagree,Agree,Agree,Agree,Disagree,Agree,38.09336713688213
89972,Agree,Disagree,Agree,Agree,Disagree,Agree,Agree,Agree,Disagree,Agree,38.09336713688213
92552,Strongly Agree,Disagree,Strongly Agree,Strongly Agree,Strongly Disagree,Strongly Disagree,Strongly Agree,Disagree,Disagree,Agree,46.0
73158,Strongly Agree,Strongly Disagree,Strongly Agree,Strongly Agree,Strongly Disagree,Strongly Disagree,Strongly Agree,Disagree,Strongly Disagree,Strongly Agree,49.0
45963,Agree,Agree,Agree,Agree,Disagree,Agree,Agree,Agree,Disagree,Neither Agree nor Disagree,33.0
22138,Agree,Disagree,Agree,Agree,Strongly Disagree,Strongly Disagree,Strongly Agree,Neither Agree nor Disagree,Strongly Disagree,Agree,43.0
90136,Agree,Disagree,Agree,Agree,Disagree,Agree,Agree,Agree,Disagree,Agree,38.09336713688213
46744,Agree,Disagree,Agree,Agree,Disagree,Agree,Agree,Agree,Disagree,Agree,38.09336713688213
77941,Strongly Agree,Strongly Disagree,Strongly Agree,Strongly Agree,Strongly Disagree,Strongly Disagree,Strongly Agree,Strongly Disagree,Strongly Disagree,Strongly Agree,50.0
44873,Agree,Disagree,Strongly Agree,Agree,Disagree,Disagree,Agree,Neither Agree nor Disagree,Disagree,Agree,40.0
36540,Agree,Disagree,Agree,Agree,Disagree,Agree,Agree,Agree,Disagree,Agree,38.09336713688213
83005,Neither Agree nor Disagree,Neither Agree nor Disagree,Agree,Agree,Neither Agree nor Disagree,Agree,Agree,Agree,Disagree,Neither Agree nor Disagree,32.0
31439,Strongly Agree,Disagree,Strongly Agree,Strongly Agree,Disagree,Neither Agree nor Disagree,Strongly Agree,Disagree,Disagree,Strongly Agree,44.0
21899,Agree,Disagree,Agree,Agree,Disagree,Agree,Agree,Agree,Disagree,Agree,38.09336713688213
29232,Agree,Disagree,Agree,Agree,Disagree,Agree,Agree,Agree,Disagree,Agree,38.09336713688213
32249,Agree,Disagree,Agree,Agree,Disagree,Agree,Agree,Agree,Disagree,Agree,38.09336713688213
45375,Agree,Disagree,Agree,Agree,Disagree,Agree,Agree,Agree,Disagree,Agree,38.09336713688213
25536,Agree,Disagree,Agree,Agree,Disagree,Agree,Agree,Agree,Disagree,Agree,38.09336713688213
32037,Agree,Disagree,Agree,Agree,Disagree,Agree,Agree,Agree,Disagree,Agree,38.09336713688213
46558,Agree,Agree,Agree,Agree,Strongly Agree,Agree,Strongly Agree,Disagree,Strongly Disagree,Agree,35.0
24016,Agree,Disagree,Agree,Agree,Disagree,Agree,Agree,Agree,Disagree,Agree,38.09336713688213
52277,Agree,Disagree,Agree,Agree,Disagree,Agree,Agree,Agree,Disagree,Agree,38.09336713688213
93699,Agree,Agree,Strongly Agree,Agree,Disagree,Agree,Agree,Neither Agree nor Disagree,Disagree,Strongly Agree,37.0
36875,Agree,Agree,Agree,Agree,Disagree,Strongly Disagree,Strongly Agree,Neither Agree nor Disagree,Disagree,Strongly Agree,40.0
84011,Agree,Disagree,Agree,Agree,Disagree,Disagree,Agree,Disagree,Disagree,Agree,40.0
90646,Agree,Disagree,Strongly Agree,Agree,Strongly Disagree,Agree,Strongly Agree,Agree,Disagree,Agree,39.0
88008,Neither Agree nor Disagree,Agree,Agree,Agree,Neither Agree nor Disagree,Agree,Agree,Strongly Agree,Neither Agree nor Disagree,Neither Agree nor Disagree,29.0
88967,Agree,Disagree,Agree,Agree,Disagree,Agree,Agree,Agree,Disagree,Agree,38.09336713688213
46701,Agree,Disagree,Agree,Agree,Disagree,Agree,Agree,Agree,Disagree,Agree,38.09336713688213
83566,Agree,Disagree,Strongly Agree,Agree,Strongly Agree,Disagree,Strongly Agree,Neither Agree nor Disagree,Disagree,Agree,38.0
21090,Strongly Agree,Strongly Disagree,Agree,Strongly Agree,Disagree,Strongly Disagree,Strongly Agree,Disagree,Strongly Disagree,Strongly Agree,47.0
69419,Agree,Disagree,Agree,Agree,Disagree,Agree,Agree,Agree,Disagree,Agree,38.09336713688213
87032,Agree,Disagree,Agree,Agree,Disagree,Agree,Agree,Agree,Disagree,Agree,38.09336713688213
94641,Agree,Neither Agree nor Disagree,Agree,Agree,Disagree,Disagree,Agree,Agree,Disagree,Disagree,35.0
82728,Agree,Disagree,Agree,Agree,Disagree,Agree,Agree,Agree,Disagree,Agree,38.09336713688213
45076,Strongly Agree,Neither Agree nor Disagree,Strongly Agree,Strongly Agree,Disagree,Agree,Strongly Agree,Disagree,Strongly Disagree,Agree,42.0
58437,Agree,Disagree,Agree,Agree,Disagree,Agree,Agree,Agree,Disagree,Agree,38.09336713688213
94862,Agree,Disagree,Agree,Agree,Disagree,Agree,Agree,Agree,Disagree,Agree,38.09336713688213
14606,Strongly Agree,Strongly Disagree,Strongly Agree,Strongly Agree,Strongly Disagree,Strongly Disagree,Strongly Agree,Strongly Disagree,Strongly Disagree,Strongly Agree,50.0
64075,Agree,Disagree,Agree,Agree,Disagree,Agree,Agree,Agree,Disagree,Agree,38.09336713688213
39787,Agree,Disagree,Agree,Agree,Disagree,Agree,Agree,Agree,Disagree,Agree,38.09336713688213
82376,Agree,Disagree,Agree,Agree,Disagree,Agree,Agree,Agree,Disagree,Agree,38.09336713688213
44872,Strongly Agree,Disagree,Agree,Agree,Strongly Disagree,Neither Agree nor Disagree,Agree,Disagree,Disagree,Agree,41.0
87783,Agree,Disagree,Agree,Agree,Disagree,Agree,Agree,Agree,Disagree,Agree,38.09336713688213
47498,Agree,Disagree,Agree,Agree,Disagree,Agree,Agree,Agree,Disagree,Agree,38.09336713688213
57325,Disagree,Agree,Agree,Agree,Disagree,Disagree,Agree,Strongly Agree,Agree,Disagree,29.0
53776,Agree,Disagree,Agree,Agree,Disagree,Agree,Agree,Agree,Disagree,Agree,38.09336713688213
58633,Agree,Disagree,Agree,Agree,Disagree,Agree,Agree,Agree,Disagree,Agree,38.09336713688213
27306,Strongly Agree,Strongly Disagree,Strongly Agree,Strongly Agree,Strongly Disagree,Strongly Disagree,Strongly Agree,Strongly Disagree,Strongly Disagree,Strongly Agree,50.0
80607,Agree,Disagree,Agree,Agree,Disagree,Agree,Agree,Agree,Disagree,Agree,38.09336713688213
73143,Agree,Disagree,Agree,Agree,Disagree,Agree,Agree,Agree,Disagree,Agree,38.09336713688213
35797,Agree,Disagree,Agree,Agree,Disagree,Agree,Agree,Agree,Disagree,Agree,38.09336713688213
46365,Agree,Disagree,Agree,Agree,Disagree,Disagree,Agree,Neither Agree nor Disagree,Disagree,Agree,39.0
31045,Agree,Disagree,Agree,Agree,Disagree,Agree,Agree,Agree,Disagree,Agree,38.09336713688213
74492,Agree,Disagree,Agree,Neither Agree nor Disagree,Disagree,Disagree,Agree,Agree,Strongly Disagree,Agree,38.0
76791,Agree,Disagree,Agree,Agree,Disagree,Agree,Agree,Agree,Disagree,Agree,38.09336713688213
21348,Agree,Disagree,Agree,Agree,Disagree,Agree,Agree,Agree,Disagree,Agree,38.09336713688213
23287,Agree,Disagree,Agree,Agree,Disagree,Disagree,Agree,Disagree,Disagree,Strongly Agree,41.0
14763,Agree,Disagree,Agree,Agree,Disagree,Agree,Agree,Agree,Disagree,Agree,38.09336713688213
22066,Agree,Disagree,Agree,Agree,Disagree,Agree,Agree,Agree,Disagree,Agree,38.09336713688213
28247,Agree,Agree,Neither Agree nor Disagree,Disagree,Disagree,Agree,Neither Agree nor Disagree,Neither Agree nor Disagree,Disagree,Neither Agree nor Disagree,30.0
72873,Agree,Disagree,Agree,Agree,Disagree,Agree,Agree,Agree,Disagree,Agree,38.09336713688213
67544,Agree,Disagree,Agree,Agree,Disagree,Agree,Agree,Agree,Disagree,Agree,38.09336713688213
76810,Agree,Disagree,Agree,Agree,Disagree,Agree,Agree,Agree,Disagree,Agree,38.09336713688213
51760,Strongly Agree,Strongly Disagree,Strongly Agree,Strongly Agree,Strongly Disagree,Strongly Disagree,Strongly Agree,Strongly Disagree,Strongly Disagree,Agree,49.0
72806,Strongly Agree,Strongly Disagree,Strongly Agree,Strongly Agree,Strongly Disagree,Disagree,Strongly Agree,Disagree,Strongly Disagree,Strongly Agree,48.0
98766,Agree,Disagree,Agree,Agree,Disagree,Agree,Agree,Agree,Disagree,Agree,38.09336713688213
60997,Neither Agree nor Disagree,Neither Agree nor Disagree,Neither Agree nor Disagree,Agree,Neither Agree nor Disagree,Agree,Agree,Neither Agree nor Disagree,Disagree,Disagree,31.0
36038,Agree,Strongly Agree,Agree,Agree,Agree,Strongly Agree,Agree,Strongly Agree,Strongly Agree,Disagree,24.0
39146,Agree,Disagree,Strongly Agree,Strongly Agree,Strongly Disagree,Agree,Strongly Agree,Agree,Disagree,Agree,40.0
60963,Agree,Disagree,Agree,Agree,Disagree,Agree,Agree,Agree,Disagree,Agree,38.09336713688213
67918,Agree,Disagree,Agree,Agree,Disagree,Disagree,Agree,Disagree,Disagree,Agree,40.0
34467,Agree,Disagree,Agree,Strongly Agree,Strongly Disagree,Strongly Disagree,Strongly Agree,Disagree,Strongly Disagree,Agree,45.0
42132,Agree,Disagree,Agree,Agree,Disagree,Agree,Agree,Agree,Disagree,Agree,38.09336713688213
32668,Agree,Disagree,Agree,Agree,Disagree,Agree,Agree,Agree,Disagree,Agree,38.09336713688213
24079,Agree,Disagree,Agree,Agree,Disagree,Agree,Agree,Agree,Disagree,Agree,38.09336713688213
59673,Strongly Agree,Strongly Disagree,Strongly Agree,Strongly Agree,Strongly Disagree,Strongly Disagree,Strongly Agree,Strongly Disagree,Strongly Disagree,Strongly Agree,50.0
74899,Agree,Disagree,Agree,Agree,Disagree,Agree,Agree,Agree,Disagree,Agree,38.09336713688213
48891,Agree,Disagree,Agree,Agree,Disagree,Agree,Agree,Agree,Disagree,Agree,38.09336713688213
81807,Agree,Agree,Agree,Agree,Disagree,Agree,Agree,Strongly Agree,Strongly Disagree,Neither Agree nor Disagree,33.0
77187,Agree,Disagree,Agree,Agree,Disagree,Agree,Agree,Agree,Disagree,Agree,38.09336713688213
91176,Disagree,Agree,Agree,Agree,Agree,Agree,Disagree,Agree,Disagree,Disagree,26.0
35011,Agree,Disagree,Agree,Agree,Disagree,Agree,Agree,Agree,Disagree,Agree,38.09336713688213
60903,Agree,Disagree,Agree,Agree,Disagree,Agree,Agree,Agree,Disagree,Agree,38.09336713688213
35416,Neither Agree nor Disagree,Agree,Agree,Disagree,Agree,Agree,Agree,Strongly Agree,Agree,Disagree,24.0
89710,Agree,Agree,Agree,Agree,Agree,Agree,Agree,Neither Agree nor Disagree,Neither Agree nor Disagree,Agree,32.0
97596,Agree,Neither Agree nor Disagree,Neither Agree nor Disagree,Agree,Disagree,Disagree,Agree,Disagree,Disagree,Agree,38.0
39129,Agree,Disagree,Agree,Agree,Disagree,Agree,Agree,Agree,Disagree,Agree,38.09336713688213
57359,Agree,Agree,Agree,Agree,Disagree,Agree,Agree,Strongly Agree,Disagree,Agree,33.0
17308,Agree,Disagree,Agree,Agree,Disagree,Disagree,Agree,Neither Agree nor Disagree,Disagree,Agree,39.0
51851,Agree,Disagree,Agree,Agree,Disagree,Agree,Agree,Agree,Disagree,Agree,38.09336713688213
35855,Agree,Disagree,Agree,Agree,Disagree,Agree,Agree,Agree,Disagree,Agree,38.09336713688213
67334,Disagree,Strongly Agree,Neither Agree nor Disagree,Neither Agree nor Disagree,Agree,Strongly Agree,Disagree,Agree,Agree,Strongly Disagree,19.0
60230,Agree,Disagree,Agree,Agree,Disagree,Agree,Agree,Agree,Disagree,Agree,38.09336713688213
77838,Agree,Disagree,Agree,Agree,Disagree,Agree,Agree,Agree,Disagree,Agree,38.09336713688213
57292,Agree,Disagree,Agree,Agree,Disagree,Agree,Agree,Agree,Disagree,Agree,38.09336713688213
66406,Agree,Disagree,Agree,Agree,Disagree,Agree,Agree,Agree,Disagree,Agree,38.09336713688213
56798,Agree,Disagree,Agree,Agree,Disagree,Agree,Agree,Agree,Disagree,Agree,38.09336713688213
23115,Agree,Disagree,Agree,Agree,Disagree,Agree,Agree,Agree,Disagree,Agree,38.09336713688213
77872,Agree,Disagree,Agree,Strongly Agree,Strongly Disagree,Disagree,Strongly Agree,Disagree,Strongly Disagree,Agree,44.0
43114,Agree,Disagree,Agree,Agree,Disagree,Agree,Agree,Agree,Disagree,Agree,38.09336713688213
72348,Agree,Agree,Strongly Agree,Agree,Disagree,Agree,Strongly Agree,Agree,Neither Agree nor Disagree,Agree,35.0
45776,Agree,Disagree,Agree,Agree,Disagree,Agree,Agree,Agree,Disagree,Agree,38.09336713688213
63122,Agree,Disagree,Agree,Agree,Disagree,Agree,Agree,Agree,Disagree,Agree,38.09336713688213
27169,Agree,Disagree,Agree,Agree,Disagree,Agree,Agree,Agree,Disagree,Agree,38.09336713688213
89607,Neither Agree nor Disagree,Disagree,Agree,Agree,Disagree,Disagree,Agree,Disagree,Disagree,Agree,39.0
59900,Agree,Neither Agree nor Disagree,Agree,Agree,Disagree,Neither Agree nor Disagree,Agree,Agree,Neither Agree nor Disagree,Disagree,33.0
28254,Agree,Disagree,Agree,Agree,Disagree,Agree,Agree,Agree,Disagree,Agree,38.09336713688213
56480,Agree,Disagree,Agree,Agree,Disagree,Agree,Agree,Agree,Disagree,Agree,38.09336713688213
11128,Agree,Disagree,Agree,Agree,Disagree,Agree,Agree,Agree,Disagree,Agree,38.09336713688213
47886,Agree,Disagree,Agree,Agree,Disagree,Agree,Agree,Agree,Disagree,Agree,38.09336713688213
28820,Agree,Disagree,Agree,Agree,Disagree,Agree,Agree,Agree,Disagree,Agree,38.09336713688213
35347,Agree,Disagree,Agree,Agree,Disagree,Agree,Agree,Agree,Disagree,Agree,38.09336713688213
45641,Agree,Disagree,Agree,Agree,Disagree,Agree,Agree,Agree,Disagree,Agree,38.09336713688213
64572,Agree,Disagree,Agree,Agree,Disagree,Agree,Agree,Agree,Disagree,Agree,38.09336713688213
31538,Agree,Disagree,Agree,Agree,Disagree,Agree,Agree,Agree,Disagree,Agree,38.09336713688213
73452,Agree,Disagree,Agree,Agree,Disagree,Agree,Agree,Agree,Disagree,Agree,38.09336713688213
51475,Agree,Disagree,Agree,Agree,Disagree,Agree,Agree,Agree,Disagree,Agree,38.09336713688213
28312,Agree,Agree,Agree,Agree,Disagree,Disagree,Agree,Strongly Agree,Disagree,Neither Agree nor Disagree,34.0
13486,Strongly Agree,Strongly Disagree,Strongly Agree,Strongly Agree,Strongly Disagree,Strongly Disagree,Strongly Agree,Strongly Disagree,Strongly Disagree,Strongly Agree,50.0
56805,Agree,Disagree,Agree,Agree,Disagree,Agree,Agree,Agree,Disagree,Agree,38.09336713688213
57697,Agree,Disagree,Agree,Agree,Disagree,Agree,Agree,Agree,Disagree,Agree,38.09336713688213
54837,Agree,Disagree,Agree,Agree,Disagree,Agree,Agree,Agree,Disagree,Agree,38.09336713688213
29718,Agree,Disagree,Agree,Agree,Disagree,Agree,Agree,Agree,Disagree,Agree,38.09336713688213
26800,Strongly Agree,Strongly Disagree,Strongly Agree,Strongly Agree,Strongly Disagree,Strongly Disagree,Strongly Agree,Disagree,Strongly Disagree,Strongly Agree,49.0
60493,Agree,Agree,Agree,Neither Agree nor Disagree,Agree,Agree,Neither Agree nor Disagree,Neither Agree nor Disagree,Disagree,Agree,31.0
52051,Agree,Disagree,Agree,Agree,Disagree,Agree,Agree,Agree,Disagree,Agree,38.09336713688213
30972,Agree,Disagree,Agree,Agree,Disagree,Agree,Agree,Agree,Disagree,Agree,38.09336713688213
47142,Agree,Disagree,Agree,Agree,Disagree,Agree,Agree,Agree,Disagree,Agree,38.09336713688213
69217,Agree,Disagree,Agree,Agree,Disagree,Agree,Agree,Agree,Disagree,Agree,38.09336713688213
69009,Agree,Disagree,Agree,Agree,Disagree,Agree,Agree,Agree,Disagree,Agree,38.09336713688213
84390,Agree,Agree,Agree,Agree,Disagree,Agree,Agree,Agree,Disagree,Agree,34.0
74845,Strongly Agree,Strongly Disagree,Strongly Agree,Strongly Agree,Disagree,Disagree,Strongly Agree,Neither Agree nor Disagree,Disagree,Strongly Agree,45.0
90905,Agree,Disagree,Agree,Agree,Disagree,Agree,Agree,Agree,Disagree,Agree,38.09336713688213
39659,Agree,Disagree,Agree,Agree,Disagree,Agree,Agree,Agree,Disagree,Agree,38.09336713688213
60396,Agree,Agree,Agree,Agree,Disagree,Agree,Agree,Disagree,Strongly Disagree,Agree,37.0
61084,Agree,Disagree,Agree,Agree,Disagree,Agree,Agree,Agree,Disagree,Agree,38.09336713688213
92412,Strongly Agree,Disagree,Strongly Agree,Strongly Agree,Neither Agree nor Disagree,Disagree,Strongly Agree,Strongly Disagree,Strongly Disagree,Strongly Agree,46.0
92038,Agree,Strongly Disagree,Strongly Agree,Strongly Agree,Strongly Disagree,Strongly Disagree,Strongly Agree,Strongly Disagree,Strongly Disagree,Agree,48.0
33388,Agree,Disagree,Agree,Agree,Disagree,Agree,Agree,Agree,Disagree,Agree,38.09336713688213
31717,Agree,Disagree,Agree,Agree,Disagree,Agree,Agree,Agree,Disagree,Agree,38.09336713688213
86440,Strongly Agree,Disagree,Agree,Strongly Agree,Disagree,Disagree,Agree,Disagree,Strongly Disagree,Agree,43.0
95585,Strongly Agree,Strongly Disagree,Agree,Agree,Strongly Disagree,Strongly Disagree,Strongly Agree,Neither Agree nor Disagree,Strongly Disagree,Agree,45.0
29792,Agree,Agree,Agree,Agree,Disagree,Disagree,Agree,Agree,Strongly Disagree,Agree,37.0
14737,Neither Agree nor Disagree,Agree,Strongly Agree,Agree,Disagree,Disagree,Agree,Neither Agree nor Disagree,Disagree,Agree,37.0
28223,Strongly Agree,Strongly Disagree,Strongly Agree,Strongly Agree,Strongly Disagree,Strongly Disagree,Strongly Agree,Strongly Disagree,Strongly Disagree,Strongly Agree,50.0
55452,Agree,Disagree,Agree,Agree,Disagree,Agree,Agree,Agree,Disagree,Agree,38.09336713688213
20179,Agree,Disagree,Agree,Agree,Disagree,Agree,Agree,Agree,Disagree,Agree,38.09336713688213
23696,Agree,Disagree,Agree,Agree,Disagree,Agree,Agree,Agree,Disagree,Agree,38.09336713688213
28653,Agree,Disagree,Strongly Agree,Strongly Agree,Strongly Disagree,Neither Agree nor Disagree,Agree,Agree,Disagree,Agree,40.0
84715,Agree,Disagree,Agree,Agree,Disagree,Agree,Agree,Agree,Disagree,Agree,38.09336713688213
95559,Strongly Agree,Strongly Disagree,Strongly Agree,Strongly Agree,Strongly Disagree,Strongly Disagree,Strongly Agree,Strongly Disagree,Strongly Disagree,Strongly Agree,50.0
30152,Strongly Agree,Neither Agree nor Disagree,Strongly Agree,Strongly Agree,Disagree,Agree,Strongly Agree,Neither Agree nor Disagree,Disagree,Agree,40.0
68764,Agree,Disagree,Agree,Agree,Disagree,Agree,Agree,Agree,Disagree,Agree,38.09336713688213
60367,Agree,Disagree,Strongly Agree,Agree,Disagree,Disagree,Strongly Agree,Disagree,Strongly Disagree,Strongly Agree,44.0
36939,Agree,Disagree,Agree,Agree,Disagree,Agree,Agree,Agree,Disagree,Agree,38.09336713688213
59592,Agree,Agree,Agree,Agree,Disagree,Agree,Agree,Neither Agree nor Disagree,Disagree,Agree,35.0
22897,Agree,Disagree,Agree,Agree,Strongly Disagree,Disagree,Strongly Agree,Agree,Strongly Disagree,Agree,41.0
89652,Strongly Agree,Agree,Strongly Agree,Strongly Agree,Disagree,Agree,Strongly Agree,Agree,Neither Agree nor Disagree,Agree,37.0
28724,Agree,Disagree,Agree,Agree,Disagree,Agree,Agree,Agree,Disagree,Agree,38.09336713688213
92895,Agree,Disagree,Agree,Agree,Disagree,Agree,Agree,Agree,Disagree,Agree,38.09336713688213
69831,Agree,Disagree,Agree,Agree,Disagree,Agree,Agree,Agree,Disagree,Agree,38.09336713688213
59178,Agree,Disagree,Agree,Agree,Disagree,Agree,Agree,Agree,Disagree,Agree,38.09336713688213
50072,Neither Agree nor Disagree,Neither Agree nor Disagree,Agree,Neither Agree nor Disagree,Agree,Agree,Agree,Agree,Neither Agree nor Disagree,Neither Agree nor Disagree,29.0
44927,Agree,Disagree,Agree,Agree,Neither Agree nor Disagree,Disagree,Agree,Neither Agree nor Disagree,Disagree,Agree,38.0
71894,Disagree,Agree,Agree,Neither Agree nor Disagree,Agree,Agree,Neither Agree nor Disagree,Strongly Agree,Neither Agree nor Disagree,Neither Agree nor Disagree,25.0
76790,Agree,Disagree,Agree,Agree,Disagree,Agree,Agree,Agree,Disagree,Agree,38.09336713688213
66676,Agree,Agree,Agree,Neither Agree nor Disagree,Disagree,Agree,Agree,Neither Agree nor Disagree,Disagree,Agree,34.0
95930,Agree,Disagree,Strongly Agree,Agree,Disagree,Disagree,Strongly Agree,Neither Agree nor Disagree,Disagree,Agree,41.0
70962,Agree,Disagree,Agree,Agree,Disagree,Disagree,Agree,Disagree,Disagree,Agree,40.0
12738,Agree,Disagree,Agree,Agree,Disagree,Agree,Agree,Agree,Disagree,Agree,38.09336713688213
27111,Agree,Disagree,Agree,Agree,Disagree,Agree,Agree,Agree,Disagree,Agree,38.09336713688213
30453,Neither Agree nor Disagree,Neither Agree nor Disagree,Neither Agree nor Disagree,Neither Agree nor Disagree,Neither Agree nor Disagree,Neither Agree nor Disagree,Neither Agree nor Disagree,Neither Agree nor Disagree,Neither Agree nor Disagree,Neither Agree nor Disagree,30.0
80177,Agree,Disagree,Agree,Agree,Disagree,Agree,Agree,Agree,Disagree,Agree,38.09336713688213
18677,Neither Agree nor Disagree,Agree,Agree,Agree,Disagree,Neither Agree nor Disagree,Agree,Neither Agree nor Disagree,Disagree,Agree,35.0
66047,Agree,Disagree,Agree,Agree,Disagree,Agree,Agree,Agree,Disagree,Agree,38.09336713688213
58682,Agree,Agree,Agree,Agree,Disagree,Agree,Agree,Disagree,Disagree,Neither Agree nor Disagree,35.0
79834,Agree,Disagree,Strongly Agree,Strongly Agree,Agree,Strongly Disagree,Strongly Agree,Disagree,Disagree,Agree,42.0
93471,Agree,Disagree,Agree,Agree,Disagree,Agree,Agree,Agree,Disagree,Agree,38.09336713688213
19538,Agree,Disagree,Agree,Agree,Disagree,Agree,Agree,Agree,Disagree,Agree,38.09336713688213
38052,Strongly Agree,Strongly Disagree,Strongly Agree,Strongly Agree,Strongly Disagree,Strongly Disagree,Strongly Agree,Strongly Disagree,Strongly Disagree,Strongly Agree,50.0
33133,Agree,Disagree,Agree,Agree,Disagree,Agree,Agree,Agree,Disagree,Agree,38.09336713688213
40021,Agree,Disagree,Agree,Agree,Disagree,Agree,Agree,Agree,Disagree,Agree,38.09336713688213
27141,Agree,Disagree,Agree,Agree,Disagree,Agree,Agree,Agree,Disagree,Agree,38.09336713688213
93858,Agree,Disagree,Agree,Agree,Disagree,Agree,Agree,Agree,Disagree,Agree,38.09336713688213
47810,Agree,Neither Agree nor Disagree,Agree,Agree,Neither Agree nor Disagree,Neither Agree nor Disagree,Agree,Disagree,Disagree,Agree,37.0
58196,Agree,Agree,Strongly Agree,Strongly Agree,Strongly Disagree,Disagree,Strongly Agree,Disagree,Strongly Disagree,Agree,43.0
42773,Agree,Disagree,Agree,Agree,Disagree,Agree,Agree,Agree,Disagree,Agree,38.09336713688213
76663,Agree,Disagree,Agree,Agree,Disagree,Agree,Agree,Agree,Disagree,Agree,38.09336713688213
48224,Agree,Disagree,Agree,Agree,Disagree,Agree,Agree,Agree,Disagree,Agree,38.09336713688213
30137,Strongly Agree,Disagree,Strongly Agree,Strongly Agree,Strongly Disagree,Strongly Disagree,Strongly Agree,Disagree,Strongly Disagree,Agree,47.0
68318,Strongly Agree,Strongly Disagree,Strongly Agree,Agree,Strongly Disagree,Neither Agree nor Disagree,Agree,Agree,Strongly Disagree,Agree,42.0
62246,Agree,Neither Agree nor Disagree,Agree,Strongly Agree,Disagree,Neither Agree nor Disagree,Strongly Agree,Agree,Strongly Disagree,Strongly Agree,40.0
61028,Strongly Agree,Agree,Agree,Agree,Strongly Disagree,Neither Agree nor Disagree,Strongly Agree,Strongly Disagree,Disagree,Agree,41.0
55424,Disagree,Strongly Agree,Agree,Agree,Disagree,Strongly Agree,Agree,Strongly Agree,Neither Agree nor Disagree,Disagree,26.0
17581,Agree,Disagree,Agree,Agree,Disagree,Agree,Agree,Agree,Disagree,Agree,38.09336713688213
23576,Agree,Disagree,Agree,Agree,Disagree,Disagree,Agree,Disagree,Disagree,Agree,40.0
17522,Strongly Agree,Disagree,Strongly Agree,Strongly Agree,Strongly Disagree,Disagree,Strongly Agree,Disagree,Disagree,Strongly Agree,46.0
97833,Agree,Disagree,Agree,Agree,Disagree,Agree,Agree,Agree,Disagree,Agree,38.09336713688213
93485,Strongly Agree,Strongly Disagree,Strongly Agree,Strongly Agree,Strongly Disagree,Strongly Disagree,Strongly Agree,Disagree,Strongly Disagree,Agree,48.0
62617,Strongly Agree,Disagree,Strongly Agree,Agree,Strongly Disagree,Disagree,Strongly Agree,Disagree,Strongly Disagree,Strongly Agree,46.0
42137,Agree,Disagree,Agree,Agree,Disagree,Disagree,Agree,Neither Agree nor Disagree,Disagree,Agree,39.0
37305,Agree,Disagree,Agree,Agree,Disagree,Agree,Agree,Agree,Disagree,Agree,38.09336713688213
48013,Neither Agree nor Disagree,Neither Agree nor Disagree,Neither Agree nor Disagree,Neither Agree nor Disagree,Neither Agree nor Disagree,Neither Agree nor Disagree,Neither Agree nor Disagree,Neither Agree nor Disagree,Neither Agree nor Disagree,Neither Agree nor Disagree,30.0
44447,Agree,Disagree,Agree,Agree,Disagree,Agree,Agree,Agree,Disagree,Agree,38.09336713688213
14571,Strongly Agree,Disagree,Strongly Agree,Strongly Agree,Disagree,Strongly Disagree,Strongly Agree,Neither Agree nor Disagree,Neither Agree nor Disagree,Strongly Agree,44.0
69057,Disagree,Disagree,Neither Agree nor Disagree,Disagree,Neither Agree nor Disagree,Agree,Neither Agree nor Disagree,Agree,Disagree,Agree,29.0
66629,Agree,Disagree,Agree,Agree,Disagree,Agree,Agree,Agree,Disagree,Agree,38.09336713688213
83542,Agree,Strongly Disagree,Agree,Agree,Strongly Disagree,Disagree,Agree,Disagree,Disagree,Agree,42.0
18222,Strongly Agree,Strongly Disagree,Strongly Agree,Strongly Agree,Strongly Disagree,Neither Agree nor Disagree,Strongly Agree,Strongly Disagree,Strongly Disagree,Strongly Agree,48.0
39738,Agree,Disagree,Agree,Agree,Disagree,Agree,Agree,Agree,Disagree,Agree,38.09336713688213
26858,Neither Agree nor Disagree,Agree,Agree,Agree,Disagree,Agree,Neither Agree nor Disagree,Strongly Agree,Disagree,Strongly Disagree,28.0
93504,Agree,Disagree,Agree,Agree,Disagree,Agree,Agree,Agree,Disagree,Agree,38.09336713688213
64232,Agree,Strongly Disagree,Agree,Agree,Strongly Disagree,Strongly Disagree,Strongly Agree,Agree,Strongly Disagree,Agree,43.0
37404,Agree,Disagree,Agree,Agree,Disagree,Disagree,Agree,Agree,Disagree,Agree,38.0
25961,Agree,Disagree,Agree,Agree,Disagree,Agree,Agree,Agree,Disagree,Agree,38.09336713688213
87330,Agree,Disagree,Agree,Agree,Disagree,Agree,Agree,Agree,Disagree,Agree,38.09336713688213
92028,Agree,Disagree,Agree,Agree,Disagree,Agree,Agree,Agree,Disagree,Agree,38.09336713688213
82248,Agree,Disagree,Agree,Agree,Disagree,Disagree,Agree,Agree,Disagree,Agree,38.0
28824,Agree,Disagree,Agree,Agree,Disagree,Agree,Agree,Agree,Disagree,Agree,38.09336713688213
11482,Agree,Disagree,Agree,Agree,Disagree,Agree,Agree,Agree,Disagree,Agree,38.09336713688213
69936,Disagree,Agree,Agree,Disagree,Agree,Agree,Neither Agree nor Disagree,Agree,Agree,Disagree,23.0
37001,Agree,Disagree,Agree,Agree,Disagree,Agree,Agree,Agree,Disagree,Agree,38.09336713688213
70492,Neither Agree nor Disagree,Disagree,Agree,Neither Agree nor Disagree,Disagree,Disagree,Agree,Agree,Disagree,Neither Agree nor Disagree,35.0
95543,Agree,Strongly Disagree,Strongly Agree,Agree,Disagree,Strongly Disagree,Strongly Agree,Disagree,Strongly Disagree,Agree,45.0
21380,Agree,Disagree,Strongly Agree,Agree,Disagree,Agree,Agree,Agree,Disagree,Agree,37.0
67106,Agree,Disagree,Agree,Agree,Disagree,Agree,Agree,Agree,Disagree,Agree,38.09336713688213
25495,Agree,Disagree,Agree,Agree,Disagree,Agree,Agree,Agree,Disagree,Agree,38.09336713688213
26581,Agree,Disagree,Agree,Agree,Disagree,Agree,Agree,Agree,Disagree,Agree,38.09336713688213
66642,Agree,Disagree,Agree,Agree,Disagree,Agree,Agree,Agree,Disagree,Agree,38.09336713688213
83612,Agree,Neither Agree nor Disagree,Agree,Agree,Disagree,Agree,Agree,Agree,Neither Agree nor Disagree,Agree,34.0
63954,Agree,Disagree,Agree,Agree,Disagree,Agree,Agree,Agree,Disagree,Agree,38.09336713688213
20665,Agree,Disagree,Agree,Agree,Disagree,Agree,Agree,Agree,Disagree,Agree,38.09336713688213
19122,Agree,Disagree,Agree,Agree,Disagree,Agree,Agree,Agree,Disagree,Agree,38.09336713688213
99978,Strongly Agree,Agree,Strongly Agree,Strongly Agree,Disagree,Agree,Strongly Agree,Neither Agree nor Disagree,Disagree,Strongly Agree,40.0
92566,Strongly Agree,Strongly Disagree,Strongly Agree,Strongly Agree,Strongly Disagree,Strongly Disagree,Strongly Agree,Disagree,Strongly Disagree,Strongly Agree,49.0
39414,Agree,Disagree,Agree,Agree,Disagree,Agree,Agree,Agree,Disagree,Agree,38.09336713688213
35987,Agree,Disagree,Agree,Agree,Disagree,Agree,Agree,Agree,Disagree,Agree,38.09336713688213
66655,Agree,Disagree,Agree,Agree,Disagree,Agree,Agree,Agree,Disagree,Agree,38.09336713688213
10547,Agree,Disagree,Agree,Agree,Disagree,Agree,Agree,Agree,Disagree,Agree,38.09336713688213
46373,Agree,Disagree,Agree,Agree,Disagree,Agree,Agree,Agree,Disagree,Agree,38.09336713688213
79341,Agree,Disagree,Agree,Agree,Disagree,Agree,Agree,Agree,Disagree,Agree,38.09336713688213
19591,Agree,Disagree,Agree,Agree,Disagree,Disagree,Agree,Neither Agree nor Disagree,Disagree,Agree,39.0
83536,Agree,Disagree,Agree,Agree,Disagree,Agree,Agree,Agree,Disagree,Agree,38.09336713688213
66682,Agree,Disagree,Agree,Agree,Disagree,Agree,Agree,Agree,Disagree,Agree,38.09336713688213
88337,Agree,Disagree,Agree,Agree,Disagree,Agree,Agree,Agree,Disagree,Agree,38.09336713688213
67608,Strongly Agree,Disagree,Strongly Agree,Strongly Agree,Strongly Disagree,Disagree,Strongly Agree,Disagree,Strongly Disagree,Strongly Agree,47.0
19735,Agree,Disagree,Agree,Agree,Disagree,Agree,Agree,Agree,Disagree,Agree,38.09336713688213
42513,Agree,Disagree,Agree,Agree,Disagree,Agree,Agree,Agree,Disagree,Agree,38.09336713688213
51952,Agree,Disagree,Agree,Agree,Disagree,Agree,Agree,Agree,Disagree,Agree,38.09336713688213
46266,Agree,Disagree,Agree,Agree,Disagree,Agree,Agree,Agree,Disagree,Agree,38.09336713688213
61289,Agree,Disagree,Agree,Agree,Disagree,Agree,Agree,Agree,Disagree,Agree,38.09336713688213
18743,Agree,Disagree,Agree,Agree,Disagree,Agree,Agree,Agree,Disagree,Agree,38.09336713688213
59207,Agree,Strongly Disagree,Strongly Agree,Strongly Agree,Strongly Disagree,Strongly Disagree,Strongly Agree,Disagree,Strongly Disagree,Agree,47.0
48946,Agree,Disagree,Agree,Agree,Disagree,Agree,Agree,Agree,Disagree,Agree,38.09336713688213
86083,Agree,Disagree,Agree,Agree,Disagree,Agree,Agree,Agree,Disagree,Agree,38.09336713688213
96613,Agree,Disagree,Agree,Agree,Disagree,Agree,Agree,Agree,Disagree,Agree,38.09336713688213
49014,Agree,Agree,Neither Agree nor Disagree,Neither Agree nor Disagree,Neither Agree nor Disagree,Agree,Neither Agree nor Disagree,Neither Agree nor Disagree,Neither Agree nor Disagree,Neither Agree nor Disagree,29.0
50766,Agree,Disagree,Agree,Agree,Disagree,Disagree,Agree,Disagree,Disagree,Agree,40.0
71089,Agree,Agree,Neither Agree nor Disagree,Agree,Disagree,Neither Agree nor Disagree,Agree,Strongly Agree,Disagree,Agree,33.0
80980,Agree,Disagree,Agree,Agree,Disagree,Agree,Agree,Agree,Disagree,Agree,38.09336713688213
29115,Agree,Disagree,Agree,Agree,Disagree,Agree,Agree,Agree,Disagree,Agree,38.09336713688213
98462,Agree,Strongly Disagree,Agree,Agree,Strongly Disagree,Strongly Disagree,Strongly Agree,Strongly Disagree,Strongly Disagree,Agree,46.0
94455,Agree,Disagree,Agree,Agree,Disagree,Agree,Agree,Agree,Disagree,Agree,38.09336713688213
11148,Agree,Disagree,Agree,Agree,Disagree,Agree,Agree,Agree,Disagree,Agree,38.09336713688213
88384,Agree,Disagree,Agree,Agree,Disagree,Agree,Agree,Agree,Disagree,Agree,38.09336713688213
64302,Neither Agree nor Disagree,Neither Agree nor Disagree,Neither Agree nor Disagree,Disagree,Agree,Agree,Agree,Strongly Agree,Disagree,Neither Agree nor Disagree,27.0
22688,Agree,Strongly Disagree,Strongly Agree,Strongly Agree,Strongly Disagree,Agree,Strongly Agree,Strongly Disagree,Strongly Disagree,Strongly Agree,46.0
38815,Agree,Disagree,Strongly Agree,Agree,Disagree,Neither Agree nor Disagree,Agree,Neither Agree nor Disagree,Disagree,Agree,39.0
34525,Agree,Disagree,Agree,Agree,Disagree,Disagree,Agree,Agree,Neither Agree nor Disagree,Neither Agree nor Disagree,36.0
68404,Agree,Neither Agree nor Disagree,Agree,Agree,Disagree,Agree,Agree,Neither Agree nor Disagree,Disagree,Neither Agree nor Disagree,35.0
71836,Agree,Disagree,Agree,Agree,Disagree,Agree,Agree,Agree,Disagree,Agree,38.09336713688213
12748,Agree,Disagree,Agree,Agree,Disagree,Agree,Agree,Agree,Disagree,Agree,38.09336713688213
33445,Agree,Disagree,Agree,Agree,Disagree,Agree,Agree,Agree,Disagree,Agree,38.09336713688213
83078,Agree,Disagree,Agree,Agree,Disagree,Agree,Agree,Agree,Disagree,Agree,38.09336713688213
72160,Agree,Disagree,Agree,Agree,Disagree,Agree,Agree,Agree,Disagree,Agree,38.09336713688213
55569,Agree,Disagree,Agree,Agree,Disagree,Agree,Agree,Agree,Disagree,Agree,38.09336713688213
72885,Agree,Disagree,Agree,Agree,Disagree,Agree,Agree,Agree,Disagree,Agree,38.09336713688213
36574,Agree,Disagree,Agree,Agree,Disagree,Agree,Agree,Agree,Disagree,Agree,38.09336713688213
71193,Agree,Disagree,Agree,Agree,Disagree,Neither Agree nor Disagree,Agree,Disagree,Disagree,Agree,39.0
44070,Agree,Disagree,Agree,Agree,Disagree,Agree,Agree,Agree,Disagree,Agree,38.09336713688213
49010,Agree,Disagree,Agree,Agree,Disagree,Agree,Agree,Agree,Disagree,Agree,38.09336713688213
98760,Agree,Disagree,Agree,Agree,Disagree,Agree,Agree,Agree,Disagree,Agree,38.09336713688213
95374,Agree,Agree,Strongly Agree,Strongly Agree,Disagree,Agree,Agree,Agree,Agree,Agree,34.0
71985,Agree,Disagree,Strongly Agree,Agree,Disagree,Disagree,Agree,Agree,Disagree,Agree,39.0
43125,Agree,Agree,Agree,Agree,Agree,Agree,Agree,Agree,Agree,Agree,30.0
98117,Strongly Disagree,Agree,Agree,Neither Agree nor Disagree,Agree,Agree,Neither Agree nor Disagree,Agree,Neither Agree nor Disagree,Disagree,24.0
22989,Agree,Disagree,Agree,Agree,Disagree,Agree,Agree,Agree,Disagree,Agree,38.09336713688213
24883,Agree,Strongly Disagree,Agree,Agree,Strongly Disagree,Disagree,Agree,Strongly Disagree,Strongly Disagree,Strongly Agree,45.0
20650,Strongly Agree,Disagree,Strongly Agree,Strongly Agree,Disagree,Neither Agree nor Disagree,Strongly Agree,Disagree,Strongly Disagree,Agree,44.0
19460,Agree,Disagree,Agree,Agree,Disagree,Agree,Agree,Agree,Disagree,Agree,38.09336713688213
66815,Strongly Agree,Disagree,Strongly Agree,Agree,Strongly Disagree,Agree,Strongly Agree,Agree,Strongly Disagree,Agree,41.0
89161,Agree,Disagree,Agree,Agree,Disagree,Agree,Agree,Agree,Disagree,Agree,38.09336713688213
54956,Neither Agree nor Disagree,Agree,Agree,Agree,Disagree,Agree,Agree,Agree,Neither Agree nor Disagree,Neither Agree nor Disagree,31.0
14847,Agree,Agree,Agree,Agree,Disagree,Agree,Agree,Agree,Neither Agree nor Disagree,Neither Agree nor Disagree,32.0
85453,Strongly Agree,Disagree,Strongly Agree,Strongly Agree,Strongly Disagree,Disagree,Strongly Agree,Neither Agree nor Disagree,Strongly Disagree,Strongly Agree,46.0
19827,Agree,Disagree,Agree,Agree,Disagree,Agree,Agree,Agree,Disagree,Agree,38.09336713688213
31121,Strongly Agree,Neither Agree nor Disagree,Agree,Strongly Agree,Strongly Disagree,Agree,Agree,Neither Agree nor Disagree,Strongly Disagree,Agree,40.0
38683,Agree,Disagree,Agree,Agree,Disagree,Agree,Agree,Agree,Disagree,Agree,38.09336713688213
82918,Agree,Disagree,Agree,Agree,Disagree,Agree,Agree,Agree,Disagree,Agree,38.09336713688213
43382,Strongly Disagree,Strongly Agree,Strongly Agree,Strongly Agree,Strongly Agree,Strongly Agree,Strongly Disagree,Strongly Disagree,Strongly Agree,Strongly Agree,26.0
44344,Neither Agree nor Disagree,Agree,Agree,Agree,Neither Agree nor Disagree,Agree,Neither Agree nor Disagree,Strongly Agree,Disagree,Neither Agree nor Disagree,29.0
94215,Agree,Agree,Agree,Agree,Disagree,Agree,Agree,Disagree,Disagree,Agree,36.0
80675,Agree,Disagree,Agree,Agree,Disagree,Agree,Agree,Agree,Disagree,Agree,38.09336713688213
57144,Agree,Disagree,Agree,Agree,Disagree,Agree,Agree,Agree,Disagree,Agree,38.09336713688213
94662,Agree,Disagree,Agree,Agree,Disagree,Agree,Agree,Agree,Disagree,Agree,38.09336713688213
98700,Agree,Agree,Agree,Agree,Disagree,Disagree,Agree,Agree,Disagree,Agree,36.0
33341,Agree,Disagree,Agree,Agree,Disagree,Agree,Agree,Agree,Disagree,Agree,38.09336713688213
65072,Agree,Disagree,Agree,Agree,Disagree,Agree,Agree,Neither Agree nor Disagree,Disagree,Agree,37.0
37148,Agree,Disagree,Agree,Agree,Disagree,Agree,Agree,Agree,Disagree,Agree,38.09336713688213
11910,Agree,Disagree,Agree,Agree,Disagree,Agree,Agree,Agree,Disagree,Agree,38.09336713688213
75438,Agree,Disagree,Agree,Agree,Disagree,Agree,Agree,Agree,Disagree,Agree,38.09336713688213
99733,Strongly Agree,Neither Agree nor Disagree,Strongly Agree,Strongly Agree,Strongly Agree,Neither Agree nor Disagree,Strongly Agree,Agree,Disagree,Strongly Agree,38.0
27407,Agree,Neither Agree nor Disagree,Agree,Agree,Disagree,Neither Agree nor Disagree,Agree,Agree,Neither Agree nor Disagree,Agree,35.0
14250,Agree,Disagree,Agree,Agree,Disagree,Agree,Agree,Agree,Disagree,Agree,38.09336713688213
43794,Agree,Agree,Neither Agree nor Disagree,Neither Agree nor Disagree,Neither Agree nor Disagree,Disagree,Agree,Agree,Neither Agree nor Disagree,Neither Agree nor Disagree,31.0
73918,Agree,Disagree,Agree,Agree,Disagree,Agree,Agree,Agree,Disagree,Agree,38.09336713688213
60216,Agree,Disagree,Agree,Agree,Disagree,Agree,Agree,Agree,Disagree,Agree,38.09336713688213
28681,Agree,Disagree,Agree,Agree,Disagree,Agree,Agree,Agree,Disagree,Agree,38.09336713688213
51437,Strongly Agree,Disagree,Agree,Strongly Agree,Strongly Disagree,Agree,Strongly Agree,Disagree,Strongly Disagree,Strongly Agree,44.0
21932,Agree,Strongly Disagree,Strongly Agree,Strongly Agree,Strongly Disagree,Strongly Disagree,Strongly Agree,Strongly Disagree,Strongly Disagree,Strongly Agree,49.0
29733,Agree,Agree,Agree,Agree,Neither Agree nor Disagree,Agree,Neither Agree nor Disagree,Agree,Neither Agree nor Disagree,Agree,31.0
98206,Agree,Disagree,Agree,Agree,Disagree,Agree,Agree,Agree,Disagree,Agree,38.09336713688213
36385,Agree,Neither Agree nor Disagree,Agree,Agree,Neither Agree nor Disagree,Agree,Agree,Disagree,Disagree,Agree,36.0
54030,Agree,Strongly Disagree,Agree,Strongly Agree,Strongly Disagree,Disagree,Agree,Strongly Disagree,Strongly Disagree,Strongly Agree,46.0
67993,Agree,Disagree,Agree,Agree,Disagree,Agree,Agree,Agree,Disagree,Agree,38.09336713688213
96543,Agree,Disagree,Agree,Agree,Disagree,Agree,Agree,Agree,Disagree,Agree,38.09336713688213
49800,Disagree,Agree,Agree,Neither Agree nor Disagree,Neither Agree nor Disagree,Strongly Agree,Neither Agree nor Disagree,Agree,Agree,Strongly Disagree,23.0
29296,Agree,Disagree,Agree,Agree,Disagree,Agree,Agree,Agree,Disagree,Agree,38.09336713688213
11002,Agree,Disagree,Agree,Agree,Disagree,Agree,Agree,Agree,Disagree,Agree,38.09336713688213
72850,Agree,Disagree,Agree,Agree,Disagree,Agree,Agree,Agree,Disagree,Agree,38.09336713688213
15134,Strongly Agree,Disagree,Strongly Agree,Strongly Agree,Disagree,Disagree,Strongly Agree,Strongly Disagree,Strongly Disagree,Strongly Agree,47.0
69124,Agree,Disagree,Agree,Agree,Disagree,Agree,Agree,Agree,Disagree,Agree,38.09336713688213
34062,Strongly Agree,Strongly Disagree,Strongly Agree,Strongly Agree,Strongly Disagree,Strongly Disagree,Strongly Agree,Agree,Strongly Disagree,Agree,46.0
18111,Agree,Agree,Agree,Agree,Disagree,Agree,Agree,Agree,Disagree,Agree,34.0
42646,Agree,Disagree,Agree,Agree,Disagree,Neither Agree nor Disagree,Agree,Disagree,Disagree,Agree,39.0
63922,Agree,Disagree,Agree,Agree,Disagree,Agree,Agree,Agree,Disagree,Agree,38.09336713688213
59097,Agree,Disagree,Agree,Agree,Disagree,Agree,Agree,Agree,Disagree,Agree,38.09336713688213
72912,Agree,Disagree,Agree,Agree,Disagree,Agree,Agree,Agree,Disagree,Agree,38.09336713688213
91484,Agree,Disagree,Agree,Agree,Disagree,Agree,Agree,Agree,Disagree,Agree,38.09336713688213
24833,Agree,Disagree,Agree,Agree,Disagree,Agree,Agree,Agree,Disagree,Agree,38.09336713688213
21971,Agree,Agree,Agree,Agree,Disagree,Disagree,Agree,Disagree,Disagree,Agree,38.0
13928,Agree,Disagree,Agree,Agree,Disagree,Agree,Agree,Agree,Disagree,Agree,38.09336713688213
84502,Agree,Disagree,Agree,Agree,Disagree,Neither Agree nor Disagree,Agree,Disagree,Disagree,Agree,39.0
64090,Agree,Disagree,Agree,Agree,Disagree,Agree,Agree,Agree,Disagree,Agree,38.09336713688213
52123,Agree,Disagree,Agree,Agree,Disagree,Agree,Agree,Agree,Disagree,Agree,38.09336713688213
78783,Agree,Disagree,Agree,Agree,Disagree,Agree,Agree,Agree,Disagree,Agree,38.09336713688213
25197,Agree,Agree,Strongly Agree,Agree,Strongly Disagree,Neither Agree nor Disagree,Agree,Strongly Agree,Neither Agree nor Disagree,Disagree,33.0
35872,Agree,Disagree,Agree,Agree,Disagree,Agree,Agree,Agree,Disagree,Agree,38.09336713688213
23270,Agree,Disagree,Agree,Agree,Disagree,Disagree,Agree,Neither Agree nor Disagree,Disagree,Agree,39.0
69807,Agree,Disagree,Agree,Agree,Agree,Neither Agree nor Disagree,Agree,Disagree,Disagree,Agree,37.0
92716,Agree,Neither Agree nor Disagree,Strongly Agree,Strongly Agree,Strongly Disagree,Agree,Strongly Agree,Disagree,Strongly Disagree,Strongly Agree,43.0
66061,Agree,Disagree,Agree,Agree,Disagree,Agree,Agree,Agree,Disagree,Agree,38.09336713688213
56058,Agree,Disagree,Agree,Agree,Disagree,Agree,Agree,Agree,Disagree,Agree,38.09336713688213
57854,Agree,Disagree,Agree,Agree,Disagree,Agree,Agree,Agree,Disagree,Agree,38.09336713688213
68679,Agree,Disagree,Agree,Agree,Disagree,Agree,Agree,Agree,Disagree,Agree,38.09336713688213
90750,Agree,Disagree,Agree,Agree,Disagree,Agree,Agree,Agree,Disagree,Agree,38.09336713688213
70125,Agree,Disagree,Agree,Agree,Disagree,Agree,Agree,Agree,Disagree,Agree,38.09336713688213
67192,Strongly Agree,Strongly Disagree,Strongly Agree,Strongly Agree,Strongly Disagree,Disagree,Strongly Agree,Agree,Disagree,Agree,44.0
12029,Strongly Agree,Neither Agree nor Disagree,Strongly Agree,Agree,Neither Agree nor Disagree,Disagree,Agree,Neither Agree nor Disagree,Strongly Disagree,Agree,40.0
70745,Agree,Disagree,Strongly Agree,Strongly Agree,Strongly Disagree,Disagree,Strongly Agree,Strongly Disagree,Strongly Disagree,Agree,46.0
93856,Strongly Disagree,Strongly Agree,Disagree,Disagree,Agree,Strongly Agree,Disagree,Strongly Agree,Agree,Disagree,16.0
10237,Disagree,Agree,Agree,Agree,Neither Agree nor Disagree,Agree,Neither Agree nor Disagree,Agree,Disagree,Disagree,28.0
97448,Agree,Disagree,Agree,Agree,Agree,Strongly Disagree,Agree,Agree,Disagree,Agree,37.0
89165,Agree,Disagree,Agree,Agree,Disagree,Agree,Agree,Agree,Disagree,Agree,38.09336713688213
97280,Agree,Disagree,Agree,Agree,Disagree,Agree,Agree,Agree,Disagree,Agree,38.09336713688213
54098,Disagree,Agree,Neither Agree nor Disagree,Neither Agree nor Disagree,Neither Agree nor Disagree,Agree,Neither Agree nor Disagree,Agree,Agree,Neither Agree nor Disagree,25.0
66156,Agree,Agree,Agree,Agree,Disagree,Agree,Agree,Agree,Disagree,Neither Agree nor Disagree,33.0
67177,Agree,Neither Agree nor Disagree,Strongly Agree,Agree,Disagree,Agree,Strongly Agree,Strongly Disagree,Strongly Disagree,Agree,41.0
22540,Agree,Disagree,Agree,Agree,Disagree,Agree,Agree,Agree,Disagree,Agree,38.09336713688213
15586,Agree,Disagree,Agree,Agree,Disagree,Agree,Agree,Agree,Disagree,Agree,38.09336713688213
18611,Neither Agree nor Disagree,Neither Agree nor Disagree,Agree,Strongly Agree,Disagree,Agree,Agree,Neither Agree nor Disagree,Disagree,Agree,36.0
87328,Strongly Agree,Strongly Disagree,Strongly Agree,Strongly Agree,Strongly Disagree,Strongly Disagree,Strongly Agree,Strongly Disagree,Strongly Disagree,Strongly Agree,50.0
88963,Agree,Disagree,Agree,Agree,Disagree,Agree,Agree,Agree,Disagree,Agree,38.09336713688213
57045,Agree,Disagree,Agree,Agree,Disagree,Agree,Agree,Agree,Disagree,Agree,38.09336713688213
49497,Agree,Agree,Agree,Agree,Disagree,Neither Agree nor Disagree,Agree,Neither Agree nor Disagree,Disagree,Agree,36.0
15031,Agree,Disagree,Agree,Agree,Disagree,Agree,Agree,Agree,Disagree,Agree,38.09336713688213
79607,Agree,Disagree,Agree,Agree,Disagree,Agree,Agree,Agree,Disagree,Agree,38.09336713688213
41952,Agree,Disagree,Agree,Agree,Disagree,Agree,Agree,Agree,Disagree,Agree,38.09336713688213
17183,Agree,Strongly Disagree,Strongly Agree,Agree,Disagree,Disagree,Strongly Agree,Agree,Disagree,Agree,41.0
22408,Agree,Disagree,Strongly Agree,Agree,Disagree,Disagree,Strongly Agree,Strongly Agree,Strongly Disagree,Strongly Agree,41.0
54435,Agree,Disagree,Agree,Agree,Disagree,Agree,Agree,Agree,Disagree,Agree,38.09336713688213
38554,Agree,Disagree,Agree,Agree,Disagree,Agree,Agree,Agree,Disagree,Agree,38.09336713688213
38293,Disagree,Neither Agree nor Disagree,Agree,Agree,Disagree,Agree,Agree,Agree,Disagree,Neither Agree nor Disagree,32.0
33785,Disagree,Agree,Agree,Neither Agree nor Disagree,Agree,Strongly Agree,Neither Agree nor Disagree,Strongly Agree,Agree,Disagree,22.0
44310,Agree,Disagree,Agree,Agree,Strongly Disagree,Strongly Disagree,Agree,Strongly Disagree,Strongly Disagree,Agree,44.0
33009,Strongly Agree,Strongly Disagree,Agree,Disagree,Neither Agree nor Disagree,Disagree,Disagree,Disagree,Neither Agree nor Disagree,Disagree,34.0
31294,Neither Agree nor Disagree,Neither Agree nor Disagree,Agree,Agree,Disagree,Neither Agree nor Disagree,Agree,Agree,Disagree,Neither Agree nor Disagree,34.0
65143,Agree,Disagree,Agree,Agree,Disagree,Agree,Agree,Agree,Disagree,Agree,38.09336713688213
91726,Agree,Disagree,Agree,Agree,Disagree,Agree,Agree,Agree,Disagree,Agree,38.09336713688213
59355,Agree,Disagree,Agree,Agree,Disagree,Agree,Agree,Agree,Disagree,Agree,38.09336713688213
96184,Agree,Disagree,Agree,Agree,Disagree,Agree,Agree,Agree,Disagree,Agree,38.09336713688213
92339,Agree,Disagree,Agree,Agree,Disagree,Agree,Agree,Agree,Disagree,Agree,38.09336713688213
70005,Agree,Disagree,Agree,Agree,Disagree,Agree,Agree,Agree,Disagree,Agree,38.09336713688213
64157,Agree,Disagree,Agree,Agree,Disagree,Agree,Agree,Agree,Disagree,Agree,38.09336713688213
68050,Agree,Disagree,Agree,Agree,Disagree,Agree,Agree,Agree,Disagree,Agree,38.09336713688213
46151,Agree,Disagree,Agree,Agree,Disagree,Agree,Agree,Agree,Disagree,Agree,38.09336713688213
79395,Agree,Disagree,Agree,Agree,Disagree,Agree,Agree,Agree,Disagree,Agree,38.09336713688213
59863,Agree,Disagree,Agree,Agree,Disagree,Agree,Agree,Agree,Disagree,Agree,38.09336713688213
63419,Strongly Agree,Strongly Disagree,Strongly Agree,Strongly Agree,Strongly Disagree,Disagree,Strongly Agree,Disagree,Disagree,Agree,46.0
22913,Agree,Disagree,Agree,Agree,Disagree,Disagree,Agree,Disagree,Disagree,Agree,40.0
91313,Neither Agree nor Disagree,Disagree,Agree,Agree,Disagree,Disagree,Agree,Agree,Disagree,Neither Agree nor Disagree,35.555557
14511,Agree,Disagree,Agree,Agree,Disagree,Agree,Agree,Agree,Disagree,Agree,38.09336713688213
73962,Agree,Disagree,Agree,Agree,Disagree,Agree,Agree,Agree,Disagree,Agree,38.09336713688213
48969,Neither Agree nor Disagree,Disagree,Agree,Agree,Disagree,Neither Agree nor Disagree,Agree,Agree,Disagree,Agree,36.0
22093,Agree,Disagree,Agree,Agree,Disagree,Agree,Agree,Agree,Disagree,Agree,38.09336713688213
32919,Agree,Disagree,Agree,Agree,Disagree,Agree,Agree,Agree,Disagree,Agree,38.09336713688213
79731,Agree,Disagree,Agree,Agree,Disagree,Agree,Agree,Agree,Disagree,Agree,38.09336713688213
64296,Agree,Disagree,Agree,Agree,Disagree,Disagree,Agree,Disagree,Disagree,Agree,40.0
23487,Agree,Disagree,Agree,Agree,Disagree,Agree,Agree,Agree,Disagree,Agree,38.09336713688213
17569,Agree,Disagree,Strongly Agree,Strongly Agree,Disagree,Strongly Disagree,Strongly Agree,Neither Agree nor Disagree,Strongly Disagree,Strongly Agree,45.0
77036,Agree,Strongly Disagree,Agree,Agree,Strongly Disagree,Neither Agree nor Disagree,Agree,Disagree,Strongly Disagree,Agree,42.0
53518,Agree,Disagree,Agree,Agree,Disagree,Agree,Agree,Agree,Disagree,Agree,38.09336713688213
92340,Agree,Disagree,Agree,Agree,Disagree,Agree,Agree,Agree,Disagree,Agree,38.09336713688213
37485,Agree,Disagree,Agree,Agree,Disagree,Agree,Agree,Agree,Disagree,Agree,38.09336713688213
33953,Agree,Disagree,Agree,Agree,Disagree,Agree,Agree,Agree,Disagree,Agree,38.09336713688213
53333,Agree,Disagree,Agree,Agree,Disagree,Agree,Agree,Agree,Disagree,Agree,38.09336713688213
82986,Strongly Agree,Strongly Disagree,Strongly Agree,Strongly Agree,Strongly Disagree,Strongly Disagree,Strongly Agree,Strongly Disagree,Disagree,Strongly Agree,49.0
61772,Agree,Disagree,Agree,Agree,Disagree,Agree,Agree,Agree,Disagree,Agree,38.09336713688213
47280,Agree,Disagree,Agree,Agree,Disagree,Agree,Agree,Agree,Disagree,Agree,38.09336713688213
70566,Agree,Disagree,Agree,Agree,Disagree,Agree,Agree,Agree,Disagree,Agree,38.09336713688213
82964,Agree,Disagree,Agree,Agree,Disagree,Agree,Agree,Agree,Disagree,Agree,38.09336713688213
11402,Agree,Disagree,Agree,Agree,Neither Agree nor Disagree,Disagree,Agree,Disagree,Disagree,Agree,39.0
38610,Strongly Agree,Strongly Disagree,Strongly Agree,Strongly Agree,Strongly Disagree,Strongly Disagree,Strongly Agree,Strongly Disagree,Strongly Disagree,Strongly Agree,50.0
96610,Strongly Agree,Strongly Disagree,Strongly Agree,Strongly Agree,Strongly Disagree,Strongly Disagree,Strongly Agree,Strongly Disagree,Strongly Disagree,Strongly Agree,50.0
77711,Neither Agree nor Disagree,Agree,Disagree,Neither Agree nor Disagree,Agree,Agree,Disagree,Agree,Agree,Strongly Disagree,21.0
78667,Agree,Disagree,Agree,Agree,Disagree,Agree,Agree,Agree,Disagree,Agree,38.09336713688213
17020,Agree,Neither Agree nor Disagree,Neither Agree nor Disagree,Agree,Disagree,Disagree,Agree,Neither Agree nor Disagree,Neither Agree nor Disagree,Agree,36.0
48676,Agree,Disagree,Agree,Agree,Strongly Disagree,Agree,Agree,Agree,Strongly Disagree,Agree,38.0
29885,Agree,Disagree,Agree,Agree,Disagree,Agree,Agree,Agree,Disagree,Agree,38.09336713688213
79167,Strongly Agree,Strongly Disagree,Strongly Agree,Strongly Agree,Strongly Disagree,Strongly Disagree,Strongly Agree,Strongly Disagree,Strongly Disagree,Strongly Agree,50.0
65061,Agree,Disagree,Agree,Agree,Disagree,Agree,Agree,Agree,Disagree,Agree,38.09336713688213
43710,Agree,Disagree,Agree,Agree,Strongly Disagree,Disagree,Agree,Disagree,Strongly Disagree,Strongly Agree,43.0
22455,Strongly Agree,Strongly Disagree,Strongly Agree,Strongly Agree,Strongly Disagree,Strongly Disagree,Strongly Agree,Strongly Disagree,Strongly Disagree,Strongly Agree,50.0
82819,Agree,Disagree,Agree,Agree,Disagree,Agree,Agree,Agree,Disagree,Agree,38.09336713688213
67771,Agree,Disagree,Agree,Agree,Disagree,Agree,Agree,Agree,Disagree,Agree,38.09336713688213
57443,Agree,Disagree,Agree,Agree,Disagree,Neither Agree nor Disagree,Agree,Disagree,Strongly Disagree,Agree,40.0
96469,Agree,Neither Agree nor Disagree,Agree,Agree,Disagree,Disagree,Disagree,Disagree,Disagree,Agree,37.0
94579,Agree,Neither Agree nor Disagree,Agree,Agree,Disagree,Agree,Agree,Disagree,Disagree,Agree,37.0
29257,Agree,Disagree,Agree,Strongly Agree,Disagree,Disagree,Agree,Disagree,Disagree,Agree,41.0
23518,Agree,Neither Agree nor Disagree,Agree,Neither Agree nor Disagree,Disagree,Disagree,Agree,Agree,Disagree,Agree,36.0
80484,Agree,Disagree,Agree,Agree,Disagree,Agree,Agree,Agree,Disagree,Agree,38.09336713688213
49539,Strongly Agree,Strongly Disagree,Strongly Agree,Strongly Agree,Strongly Disagree,Strongly Disagree,Strongly Agree,Strongly Disagree,Strongly Disagree,Strongly Agree,50.0
63904,Agree,Agree,Neither Agree nor Disagree,Agree,Agree,Agree,Agree,Agree,Neither Agree nor Disagree,Disagree,28.0
82490,Agree,Agree,Agree,Agree,Disagree,Disagree,Agree,Agree,Disagree,Neither Agree nor Disagree,35.0
20335,Agree,Disagree,Agree,Agree,Disagree,Agree,Agree,Agree,Disagree,Agree,38.09336713688213
35031,Agree,Disagree,Agree,Agree,Disagree,Agree,Agree,Agree,Disagree,Agree,38.09336713688213
88185,Agree,Disagree,Agree,Agree,Disagree,Agree,Agree,Agree,Disagree,Agree,38.09336713688213
35344,Agree,Disagree,Agree,Agree,Disagree,Agree,Agree,Agree,Disagree,Agree,38.09336713688213
31175,Agree,Neither Agree nor Disagree,Agree,Agree,Neither Agree nor Disagree,Agree,Agree,Agree,Disagree,Neither Agree nor Disagree,33.0
41167,Agree,Disagree,Agree,Agree,Disagree,Agree,Agree,Agree,Disagree,Agree,38.09336713688213
98325,Agree,Disagree,Agree,Strongly Agree,Disagree,Disagree,Agree,Neither Agree nor Disagree,Disagree,Agree,40.0
36963,Agree,Disagree,Agree,Agree,Disagree,Agree,Agree,Agree,Disagree,Agree,38.09336713688213
50666,Agree,Disagree,Agree,Agree,Disagree,Neither Agree nor Disagree,Agree,Agree,Disagree,Neither Agree nor Disagree,36.0
98624,Agree,Disagree,Agree,Agree,Disagree,Agree,Agree,Agree,Disagree,Agree,38.09336713688213
42617,Strongly Agree,Strongly Disagree,Strongly Agree,Strongly Agree,Strongly Disagree,Strongly Disagree,Strongly Agree,Neither Agree nor Disagree,Strongly Disagree,Agree,47.0
58793,Agree,Disagree,Agree,Agree,Disagree,Agree,Agree,Agree,Disagree,Agree,38.09336713688213
25125,Agree,Disagree,Agree,Agree,Disagree,Agree,Agree,Agree,Disagree,Agree,38.09336713688213
25548,Agree,Disagree,Agree,Agree,Disagree,Neither Agree nor Disagree,Agree,Disagree,Disagree,Agree,39.0
25966,Neither Agree nor Disagree,Disagree,Agree,Agree,Disagree,Disagree,Agree,Agree,Neither Agree nor Disagree,Agree,36.0
96689,Agree,Neither Agree nor Disagree,Agree,Agree,Disagree,Neither Agree nor Disagree,Agree,Neither Agree nor Disagree,Neither Agree nor Disagree,Agree,36.0
43581,Disagree,Agree,Agree,Disagree,Agree,Agree,Neither Agree nor Disagree,Agree,Agree,Disagree,23.0
75578,Agree,Disagree,Agree,Agree,Disagree,Agree,Agree,Agree,Disagree,Agree,38.09336713688213
43507,Agree,Disagree,Agree,Agree,Disagree,Agree,Agree,Agree,Disagree,Agree,38.09336713688213
91551,Agree,Disagree,Agree,Agree,Disagree,Agree,Agree,Agree,Disagree,Agree,38.09336713688213
19030,Agree,Disagree,Agree,Agree,Disagree,Agree,Agree,Agree,Disagree,Agree,38.09336713688213
33657,Strongly Agree,Disagree,Strongly Agree,Agree,Strongly Disagree,Disagree,Strongly Agree,Neither Agree nor Disagree,Disagree,Agree,43.0
76521,Agree,Disagree,Agree,Agree,Disagree,Agree,Agree,Agree,Disagree,Agree,38.09336713688213
52848,Agree,Disagree,Agree,Agree,Disagree,Agree,Agree,Agree,Disagree,Agree,38.09336713688213
40231,Agree,Disagree,Agree,Agree,Disagree,Agree,Agree,Agree,Disagree,Agree,38.09336713688213
65656,Strongly Disagree,Strongly Disagree,Strongly Disagree,Strongly Disagree,Neither Agree nor Disagree,Strongly Agree,Agree,Agree,Agree,Neither Agree nor Disagree,23.0
36117,Agree,Disagree,Strongly Agree,Strongly Agree,Disagree,Disagree,Agree,Disagree,Disagree,Agree,42.0
82587,Neither Agree nor Disagree,Disagree,Agree,Agree,Neither Agree nor Disagree,Agree,Agree,Agree,Agree,Agree,32.0
14690,Agree,Disagree,Agree,Agree,Disagree,Agree,Agree,Agree,Disagree,Agree,38.09336713688213
40569,Agree,Disagree,Agree,Agree,Disagree,Agree,Agree,Agree,Disagree,Agree,38.09336713688213
26320,Agree,Disagree,Agree,Agree,Strongly Disagree,Agree,Strongly Agree,Agree,Disagree,Agree,38.0
77532,Neither Agree nor Disagree,Disagree,Agree,Agree,Disagree,Strongly Disagree,Strongly Agree,Agree,Strongly Disagree,Neither Agree nor Disagree,39.0
92515,Neither Agree nor Disagree,Disagree,Agree,Strongly Agree,Agree,Neither Agree nor Disagree,Agree,Agree,Neither Agree nor Disagree,Disagree,32.0
97844,Agree,Disagree,Agree,Agree,Disagree,Agree,Agree,Agree,Disagree,Agree,38.09336713688213
33127,Agree,Disagree,Agree,Agree,Disagree,Agree,Agree,Agree,Disagree,Agree,38.09336713688213
45958,Agree,Disagree,Agree,Agree,Disagree,Agree,Agree,Agree,Disagree,Agree,38.09336713688213
49790,Agree,Agree,Strongly Agree,Agree,Neither Agree nor Disagree,Agree,Agree,Strongly Disagree,Disagree,Strongly Agree,38.0
74251,Agree,Disagree,Agree,Agree,Disagree,Agree,Agree,Agree,Disagree,Agree,38.09336713688213
28326,Agree,Disagree,Agree,Agree,Disagree,Agree,Agree,Agree,Disagree,Agree,38.09336713688213
20507,Agree,Disagree,Agree,Agree,Disagree,Agree,Agree,Agree,Disagree,Agree,38.09336713688213
71592,Agree,Disagree,Agree,Agree,Disagree,Agree,Agree,Agree,Disagree,Agree,38.09336713688213
15181,Agree,Disagree,Agree,Strongly Agree,Disagree,Disagree,Disagree,Disagree,Disagree,Agree,39.0
70209,Agree,Disagree,Agree,Agree,Disagree,Agree,Agree,Agree,Disagree,Agree,38.09336713688213
78657,Agree,Disagree,Agree,Agree,Disagree,Agree,Agree,Agree,Disagree,Agree,38.09336713688213
21887,Agree,Disagree,Agree,Agree,Disagree,Agree,Agree,Agree,Disagree,Agree,38.09336713688213
48154,Strongly Agree,Strongly Disagree,Strongly Agree,Strongly Agree,Strongly Disagree,Disagree,Strongly Agree,Strongly Disagree,Strongly Disagree,Strongly Agree,49.0
92953,Agree,Disagree,Agree,Agree,Disagree,Agree,Agree,Agree,Disagree,Agree,38.09336713688213
90192,Agree,Disagree,Agree,Agree,Disagree,Agree,Agree,Agree,Disagree,Agree,38.09336713688213
51495,Agree,Disagree,Strongly Agree,Strongly Agree,Disagree,Disagree,Agree,Agree,Disagree,Agree,40.0
34344,Agree,Disagree,Agree,Agree,Disagree,Agree,Agree,Agree,Disagree,Agree,38.09336713688213
21793,Agree,Disagree,Agree,Agree,Disagree,Agree,Agree,Agree,Disagree,Agree,38.09336713688213
37218,Agree,Disagree,Agree,Agree,Disagree,Agree,Agree,Agree,Disagree,Agree,38.09336713688213
17932,Agree,Neither Agree nor Disagree,Agree,Agree,Disagree,Neither Agree nor Disagree,Agree,Disagree,Neither Agree nor Disagree,Agree,37.0
95026,Agree,Disagree,Agree,Agree,Disagree,Agree,Agree,Agree,Disagree,Agree,38.09336713688213
66800,Agree,Disagree,Agree,Agree,Disagree,Agree,Agree,Agree,Disagree,Agree,38.09336713688213
73693,Agree,Disagree,Agree,Agree,Disagree,Agree,Agree,Agree,Disagree,Agree,38.09336713688213
80429,Agree,Disagree,Agree,Agree,Disagree,Agree,Agree,Agree,Disagree,Agree,38.09336713688213
75149,Agree,Disagree,Agree,Agree,Disagree,Agree,Agree,Agree,Disagree,Agree,38.09336713688213
61659,Agree,Disagree,Agree,Agree,Disagree,Agree,Agree,Agree,Disagree,Agree,38.09336713688213
81420,Agree,Disagree,Agree,Agree,Disagree,Agree,Agree,Agree,Disagree,Agree,38.09336713688213
33740,Neither Agree nor Disagree,Agree,Agree,Agree,Neither Agree nor Disagree,Agree,Agree,Agree,Agree,Agree,30.0
67709,Agree,Agree,Agree,Agree,Disagree,Neither Agree nor Disagree,Agree,Agree,Neither Agree nor Disagree,Agree,34.0
36552,Agree,Agree,Agree,Agree,Disagree,Agree,Agree,Strongly Agree,Disagree,Agree,33.0
14301,Neither Agree nor Disagree,Disagree,Agree,Agree,Disagree,Agree,Agree,Agree,Neither Agree nor Disagree,Agree,34.0
63138,Strongly Agree,Disagree,Agree,Strongly Agree,Strongly Disagree,Disagree,Strongly Agree,Disagree,Strongly Disagree,Strongly Agree,46.0
51298,Agree,Disagree,Agree,Agree,Disagree,Disagree,Strongly Agree,Neither Agree nor Disagree,Disagree,Agree,40.0
74632,Agree,Neither Agree nor Disagree,Agree,Agree,Disagree,Neither Agree nor Disagree,Agree,Agree,Disagree,Agree,36.0
16654,Agree,Disagree,Agree,Agree,Disagree,Agree,Agree,Agree,Disagree,Agree,38.09336713688213
54394,Agree,Disagree,Agree,Agree,Disagree,Agree,Agree,Agree,Disagree,Agree,38.09336713688213
84768,Agree,Disagree,Agree,Agree,Disagree,Agree,Agree,Agree,Disagree,Agree,38.09336713688213
29134,Agree,Neither Agree nor Disagree,Agree,Agree,Neither Agree nor Disagree,Neither Agree nor Disagree,Agree,Neither Agree nor Disagree,Neither Agree nor Disagree,Agree,35.0
24029,Agree,Agree,Strongly Agree,Strongly Agree,Disagree,Agree,Agree,Disagree,Disagree,Strongly Agree,39.0
35361,Agree,Disagree,Agree,Agree,Disagree,Agree,Agree,Agree,Disagree,Agree,38.09336713688213
49086,Agree,Disagree,Strongly Agree,Agree,Disagree,Strongly Disagree,Strongly Agree,Neither Agree nor Disagree,Strongly Disagree,Strongly Agree,44.0
67917,Agree,Disagree,Agree,Agree,Disagree,Agree,Agree,Agree,Disagree,Agree,38.09336713688213
85503,Neither Agree nor Disagree,Agree,Agree,Agree,Agree,Agree,Neither Agree nor Disagree,Agree,Neither Agree nor Disagree,Disagree,27.0
60008,Agree,Disagree,Agree,Agree,Disagree,Agree,Agree,Agree,Disagree,Agree,38.09336713688213
55881,Agree,Disagree,Agree,Agree,Disagree,Agree,Agree,Agree,Disagree,Agree,38.09336713688213
22119,Agree,Disagree,Agree,Agree,Disagree,Agree,Agree,Agree,Disagree,Agree,38.09336713688213
39285,Agree,Disagree,Agree,Agree,Disagree,Agree,Agree,Agree,Disagree,Agree,38.09336713688213
22460,Agree,Disagree,Agree,Agree,Disagree,Agree,Agree,Agree,Disagree,Agree,38.09336713688213
25172,Agree,Disagree,Agree,Agree,Disagree,Agree,Agree,Agree,Disagree,Agree,38.09336713688213
77134,Agree,Disagree,Agree,Agree,Disagree,Agree,Agree,Agree,Disagree,Agree,38.09336713688213
22143,Agree,Disagree,Agree,Agree,Disagree,Agree,Agree,Agree,Disagree,Agree,38.09336713688213
93766,Agree,Disagree,Agree,Agree,Disagree,Agree,Agree,Agree,Disagree,Agree,38.09336713688213
45097,Agree,Disagree,Agree,Agree,Disagree,Agree,Agree,Agree,Disagree,Agree,38.09336713688213
26289,Agree,Disagree,Agree,Agree,Disagree,Agree,Agree,Agree,Disagree,Agree,38.09336713688213
95490,Agree,Agree,Agree,Agree,Disagree,Agree,Agree,Disagree,Disagree,Agree,36.0
66979,Agree,Disagree,Agree,Agree,Disagree,Agree,Agree,Agree,Disagree,Agree,38.09336713688213
23253,Agree,Agree,Agree,Agree,Disagree,Agree,Agree,Agree,Neither Agree nor Disagree,Agree,33.0
90079,Agree,Disagree,Agree,Agree,Disagree,Agree,Agree,Agree,Disagree,Agree,38.09336713688213
47584,Strongly Agree,Strongly Disagree,Strongly Agree,Strongly Agree,Strongly Disagree,Strongly Disagree,Strongly Agree,Strongly Disagree,Strongly Disagree,Strongly Agree,50.0
97990,Agree,Disagree,Agree,Agree,Strongly Disagree,Agree,Agree,Agree,Disagree,Strongly Agree,38.0
39248,Agree,Disagree,Agree,Agree,Disagree,Agree,Agree,Agree,Disagree,Agree,38.09336713688213
29354,Agree,Disagree,Agree,Agree,Disagree,Agree,Agree,Agree,Disagree,Agree,38.09336713688213
91429,Neither Agree nor Disagree,Agree,Agree,Neither Agree nor Disagree,Neither Agree nor Disagree,Agree,Agree,Strongly Agree,Agree,Neither Agree nor Disagree,27.0
82269,Agree,Disagree,Agree,Agree,Disagree,Agree,Agree,Agree,Disagree,Agree,38.09336713688213
22842,Agree,Agree,Agree,Agree,Neither Agree nor Disagree,Agree,Agree,Agree,Agree,Neither Agree nor Disagree,30.0
31311,Agree,Disagree,Agree,Agree,Disagree,Agree,Agree,Agree,Disagree,Agree,38.09336713688213
33084,Agree,Disagree,Agree,Agree,Disagree,Agree,Agree,Agree,Disagree,Agree,38.09336713688213
14279,Agree,Disagree,Agree,Strongly Agree,Disagree,Neither Agree nor Disagree,Agree,Agree,Disagree,Neither Agree nor Disagree,37.0
91932,Agree,Disagree,Agree,Agree,Disagree,Agree,Agree,Agree,Disagree,Agree,38.09336713688213
32404,Agree,Disagree,Agree,Agree,Disagree,Agree,Agree,Agree,Disagree,Agree,38.09336713688213
73577,Agree,Disagree,Agree,Agree,Disagree,Agree,Agree,Agree,Disagree,Agree,38.09336713688213
43177,Agree,Strongly Disagree,Agree,Agree,Disagree,Agree,Agree,Agree,Neither Agree nor Disagree,Agree,36.0
36501,Agree,Disagree,Agree,Agree,Disagree,Agree,Agree,Agree,Disagree,Agree,38.09336713688213
26857,Agree,Disagree,Agree,Agree,Strongly Disagree,Strongly Disagree,Agree,Disagree,Strongly Disagree,Agree,43.0
28327,Agree,Agree,Agree,Agree,Disagree,Neither Agree nor Disagree,Strongly Agree,Neither Agree nor Disagree,Disagree,Agree,37.0
42674,Agree,Disagree,Agree,Agree,Disagree,Agree,Agree,Agree,Disagree,Agree,38.09336713688213
79897,Strongly Agree,Strongly Disagree,Strongly Agree,Strongly Agree,Neither Agree nor Disagree,Disagree,Neither Agree nor Disagree,Neither Agree nor Disagree,Neither Agree nor Disagree,Neither Agree nor Disagree,39.0
64978,Agree,Disagree,Agree,Agree,Disagree,Agree,Agree,Agree,Disagree,Agree,38.09336713688213
52302,Agree,Disagree,Agree,Strongly Agree,Disagree,Disagree,Agree,Disagree,Strongly Disagree,Agree,42.0
97050,Agree,Disagree,Agree,Agree,Disagree,Disagree,Agree,Disagree,Disagree,Agree,40.0
46418,Agree,Agree,Agree,Agree,Agree,Agree,Agree,Agree,Agree,Agree,30.0
86691,Agree,Disagree,Agree,Agree,Disagree,Agree,Agree,Agree,Disagree,Agree,38.09336713688213
93002,Strongly Agree,Agree,Agree,Agree,Disagree,Agree,Strongly Agree,Disagree,Strongly Disagree,Strongly Agree,40.0
56543,Agree,Disagree,Agree,Agree,Disagree,Agree,Agree,Agree,Disagree,Agree,38.09336713688213
92618,Agree,Disagree,Agree,Agree,Disagree,Agree,Agree,Agree,Disagree,Agree,38.09336713688213
17470,Agree,Disagree,Agree,Agree,Disagree,Agree,Agree,Agree,Disagree,Agree,38.09336713688213
74211,Agree,Disagree,Agree,Agree,Disagree,Agree,Agree,Agree,Disagree,Agree,38.09336713688213
35180,Agree,Disagree,Agree,Agree,Disagree,Agree,Agree,Agree,Disagree,Agree,38.09336713688213
89142,Strongly Disagree,Strongly Disagree,Strongly Disagree,Strongly Disagree,Strongly Disagree,Strongly Disagree,Strongly Disagree,Strongly Disagree,Strongly Disagree,Strongly Disagree,30.0
24898,Disagree,Agree,Neither Agree nor Disagree,Neither Agree nor Disagree,Neither Agree nor Disagree,Agree,Neither Agree nor Disagree,Agree,Agree,Disagree,24.0
74413,Agree,Disagree,Agree,Agree,Disagree,Agree,Agree,Agree,Disagree,Agree,38.09336713688213
38824,Agree,Disagree,Agree,Agree,Disagree,Agree,Agree,Agree,Disagree,Agree,38.09336713688213
51723,Strongly Disagree,Agree,Agree,Neither Agree nor Disagree,Disagree,Agree,Agree,Agree,Neither Agree nor Disagree,Neither Agree nor Disagree,28.0
79352,Agree,Disagree,Agree,Neither Agree nor Disagree,Disagree,Agree,Agree,Neither Agree nor Disagree,Disagree,Agree,36.0
30814,Agree,Disagree,Agree,Agree,Disagree,Agree,Agree,Agree,Disagree,Agree,38.09336713688213
90502,Agree,Disagree,Agree,Agree,Disagree,Agree,Agree,Agree,Disagree,Agree,38.09336713688213
94456,Agree,Disagree,Agree,Agree,Disagree,Agree,Agree,Agree,Disagree,Agree,38.09336713688213
70661,Agree,Disagree,Agree,Agree,Disagree,Agree,Agree,Agree,Disagree,Agree,38.09336713688213
50976,Agree,Disagree,Agree,Agree,Disagree,Agree,Agree,Agree,Disagree,Agree,38.09336713688213
55533,Agree,Disagree,Agree,Agree,Disagree,Agree,Agree,Agree,Disagree,Agree,38.09336713688213
12156,Agree,Disagree,Agree,Agree,Disagree,Agree,Agree,Agree,Disagree,Agree,38.09336713688213
76485,Agree,Neither Agree nor Disagree,Strongly Agree,Strongly Agree,Disagree,Disagree,Agree,Neither Agree nor Disagree,Disagree,Neither Agree nor Disagree,39.0
33239,Agree,Neither Agree nor Disagree,Strongly Agree,Agree,Disagree,Agree,Agree,Disagree,Strongly Disagree,Agree,39.0
72570,Agree,Disagree,Agree,Agree,Disagree,Agree,Agree,Agree,Disagree,Agree,38.09336713688213
67574,Agree,Agree,Agree,Agree,Disagree,Strongly Disagree,Strongly Agree,Strongly Agree,Disagree,Disagree,35.0
42231,Agree,Disagree,Agree,Agree,Disagree,Agree,Agree,Agree,Disagree,Agree,38.09336713688213
84960,Agree,Disagree,Agree,Agree,Disagree,Agree,Agree,Agree,Disagree,Agree,38.09336713688213
31033,Agree,Disagree,Agree,Agree,Disagree,Agree,Agree,Agree,Disagree,Agree,38.09336713688213
10469,Agree,Disagree,Agree,Agree,Disagree,Agree,Agree,Agree,Disagree,Agree,38.09336713688213
77789,Agree,Neither Agree nor Disagree,Strongly Agree,Strongly Agree,Strongly Disagree,Agree,Strongly Agree,Agree,Strongly Disagree,Agree,40.0
47024,Agree,Agree,Strongly Agree,Agree,Disagree,Agree,Agree,Strongly Agree,Neither Agree nor Disagree,Agree,33.0
88582,Agree,Disagree,Agree,Agree,Disagree,Agree,Agree,Agree,Disagree,Agree,38.09336713688213
83470,Agree,Disagree,Agree,Agree,Disagree,Agree,Agree,Agree,Disagree,Agree,38.09336713688213
67015,Agree,Agree,Agree,Agree,Disagree,Neither Agree nor Disagree,Agree,Agree,Disagree,Neither Agree nor Disagree,34.0
26272,Agree,Disagree,Agree,Agree,Disagree,Agree,Agree,Agree,Disagree,Agree,38.09336713688213
21909,Agree,Disagree,Agree,Agree,Disagree,Agree,Agree,Agree,Disagree,Agree,38.09336713688213
88882,Strongly Agree,Strongly Disagree,Strongly Agree,Strongly Agree,Strongly Disagree,Strongly Disagree,Strongly Agree,Disagree,Strongly Disagree,Strongly Agree,49.0
31985,Agree,Disagree,Agree,Agree,Disagree,Agree,Agree,Agree,Disagree,Agree,38.09336713688213
91337,Agree,Disagree,Agree,Agree,Disagree,Agree,Agree,Agree,Disagree,Agree,38.09336713688213
87664,Agree,Disagree,Agree,Agree,Disagree,Agree,Agree,Agree,Disagree,Agree,38.09336713688213
19245,Agree,Disagree,Agree,Agree,Disagree,Agree,Agree,Agree,Disagree,Agree,38.09336713688213
83748,Strongly Agree,Disagree,Strongly Agree,Strongly Agree,Strongly Disagree,Disagree,Strongly Agree,Strongly Disagree,Strongly Disagree,Strongly Agree,48.0
49915,Strongly Agree,Strongly Disagree,Strongly Agree,Agree,Strongly Disagree,Strongly Disagree,Strongly Agree,Agree,Strongly Disagree,Strongly Agree,46.0
51865,Agree,Agree,Agree,Agree,Disagree,Agree,Agree,Neither Agree nor Disagree,Neither Agree nor Disagree,Neither Agree nor Disagree,33.0
78407,Agree,Disagree,Agree,Agree,Disagree,Agree,Agree,Agree,Disagree,Agree,38.09336713688213
93787,Agree,Agree,Agree,Agree,Disagree,Neither Agree nor Disagree,Agree,Strongly Agree,Disagree,Neither Agree nor Disagree,33.0
52621,Agree,Disagree,Agree,Agree,Disagree,Agree,Agree,Agree,Disagree,Agree,38.09336713688213
38914,Agree,Disagree,Agree,Agree,Disagree,Agree,Agree,Agree,Disagree,Agree,38.09336713688213
19833,Agree,Disagree,Agree,Agree,Disagree,Agree,Agree,Agree,Disagree,Agree,38.09336713688213
40864,Agree,Disagree,Agree,Agree,Disagree,Agree,Agree,Agree,Disagree,Agree,38.09336713688213
18707,Agree,Disagree,Agree,Agree,Disagree,Agree,Agree,Agree,Disagree,Agree,38.09336713688213
26718,Agree,Disagree,Agree,Agree,Disagree,Agree,Agree,Agree,Disagree,Agree,38.09336713688213
63347,Agree,Disagree,Agree,Agree,Strongly Disagree,Disagree,Agree,Disagree,Strongly Disagree,Neither Agree nor Disagree,41.0
35824,Agree,Disagree,Agree,Agree,Strongly Agree,Agree,Strongly Agree,Disagree,Strongly Disagree,Agree,37.0
48826,Agree,Disagree,Agree,Agree,Disagree,Agree,Agree,Agree,Disagree,Agree,38.09336713688213
93246,Agree,Disagree,Agree,Agree,Disagree,Agree,Agree,Agree,Disagree,Agree,38.09336713688213
75341,Agree,Disagree,Agree,Agree,Disagree,Agree,Agree,Agree,Disagree,Agree,38.09336713688213
35925,Agree,Neither Agree nor Disagree,Neither Agree nor Disagree,Neither Agree nor Disagree,Neither Agree nor Disagree,Neither Agree nor Disagree,Neither Agree nor Disagree,Neither Agree nor Disagree,Neither Agree nor Disagree,Agree,32.0
