egoid,usetobacco_2,usebeer_2,usewine_2,usedrugs_2,usedrugs_prescr_2,usecaffine_2,use_exercisemode_2
44869,Not at all,Less than 1-2 times a month,Less than 1-2 times a month,Not at all,Not at all,Less than 1-2 times a month,I do not exercise
43516,Not at all,Less than 1-2 times a month,Less than 1-2 times a month,Not at all,Not at all,1-2 times a week,I do not exercise
89411,Not at all,1-2 times a week,Three times a week or more,Less than 1-2 times a month,Not at all,Three times a week or more,No
74285,Not at all,Not at all,Not at all,Not at all,Not at all,1-2 times a week,No
56527,Not at all,1-2 times a week,1-2 times a week,Not at all,Not at all,1-2 times a week,No
16819,Not at all,1-2 times a month,1-2 times a week,Not at all,Not at all,Three times a week or more,"Yes, often"
34591,Not at all,Less than 1-2 times a month,Less than 1-2 times a month,Not at all,Not at all,Three times a week or more,No
89972,Not at all,1-2 times a week,1-2 times a week,Not at all,Not at all,1-2 times a week,No
92552,1-2 times a week,1-2 times a week,1-2 times a month,Not at all,Not at all,Three times a week or more,"Yes, sometimes"
73158,Not at all,Not at all,Not at all,Not at all,Not at all,Not at all,"Yes, sometimes"
45963,Not at all,Less than 1-2 times a month,Less than 1-2 times a month,Not at all,Not at all,Three times a week or more,No
22138,Not at all,Not at all,1-2 times a month,Not at all,Not at all,Three times a week or more,"Yes, often"
90136,Not at all,Not at all,1-2 times a week,Not at all,Not at all,Three times a week or more,No
46744,Not at all,1-2 times a week,1-2 times a week,Not at all,Not at all,Three times a week or more,No
77941,Not at all,1-2 times a week,1-2 times a week,Not at all,Not at all,Three times a week or more,No
44873,Less than 1-2 times a month,Not at all,Not at all,Not at all,Not at all,Less than 1-2 times a month,No
36540,Not at all,1-2 times a month,1-2 times a month,Not at all,Not at all,Three times a week or more,No
14527,Not at all,Not at all,Not at all,Not at all,Not at all,1-2 times a week,No
83005,Not at all,Less than 1-2 times a month,1-2 times a month,Not at all,Not at all,Three times a week or more,No
31439,Not at all,1-2 times a week,1-2 times a week,Not at all,Not at all,Three times a week or more,No
21899,1-2 times a month,1-2 times a week,1-2 times a week,Not at all,Not at all,Less than 1-2 times a month,No
29232,Not at all,Not at all,Not at all,Not at all,Not at all,Three times a week or more,No
32249,Not at all,Not at all,Not at all,Not at all,Not at all,Three times a week or more,No
45375,1-2 times a month,Three times a week or more,1-2 times a week,Not at all,Not at all,Less than 1-2 times a month,No
25536,Not at all,Less than 1-2 times a month,Less than 1-2 times a month,Not at all,Not at all,1-2 times a week,No
32037,Not at all,Not at all,1-2 times a week,Not at all,Not at all,Less than 1-2 times a month,I do not exercise
90476,Three times a week or more,1-2 times a week,1-2 times a week,1-2 times a month,1-2 times a month,1-2 times a week,No
46558,Not at all,Less than 1-2 times a month,Less than 1-2 times a month,Not at all,Not at all,1-2 times a month,I do not exercise
24016,Not at all,Not at all,Less than 1-2 times a month,Not at all,Not at all,1-2 times a week,No
52277,Not at all,Not at all,Not at all,Not at all,Not at all,1-2 times a week,I do not exercise
93699,Not at all,Less than 1-2 times a month,Not at all,Not at all,Not at all,Three times a week or more,"Yes, sometimes"
36875,Not at all,Less than 1-2 times a month,Less than 1-2 times a month,Not at all,Not at all,1-2 times a week,No
84011,Not at all,Less than 1-2 times a month,Less than 1-2 times a month,Not at all,Not at all,Not at all,No
90646,Not at all,1-2 times a month,1-2 times a week,Not at all,Not at all,Three times a week or more,No
88008,Not at all,Less than 1-2 times a month,Not at all,Not at all,Not at all,Three times a week or more,"Yes, sometimes"
88967,Not at all,1-2 times a week,Less than 1-2 times a month,Not at all,Not at all,Three times a week or more,"Yes, sometimes"
46701,Not at all,Not at all,1-2 times a week,Not at all,Not at all,Three times a week or more,No
83566,Not at all,Not at all,Not at all,Not at all,Not at all,1-2 times a week,I do not exercise
21090,Not at all,Not at all,Not at all,Not at all,Not at all,Not at all,No
69419,Not at all,Not at all,Not at all,Not at all,Not at all,Not at all,No
87032,Not at all,Not at all,Not at all,Not at all,Not at all,Three times a week or more,No
94641,Not at all,Not at all,Not at all,Not at all,Not at all,1-2 times a month,"Yes, sometimes"
82728,Not at all,Not at all,Not at all,Not at all,Not at all,Not at all,"Yes, often"
45076,Not at all,1-2 times a month,1-2 times a week,Not at all,Not at all,Not at all,No
58437,Three times a week or more,Not at all,Not at all,Less than 1-2 times a month,1-2 times a week,Three times a week or more,"Yes, sometimes"
94862,Not at all,1-2 times a week,1-2 times a month,Not at all,Less than 1-2 times a month,Three times a week or more,No
14606,Not at all,Not at all,Not at all,Not at all,Not at all,1-2 times a month,No
64075,Not at all,Not at all,Not at all,Not at all,Not at all,Not at all,No
39787,Not at all,Not at all,Not at all,Not at all,Not at all,Not at all,"Yes, sometimes"
82376,Not at all,1-2 times a month,1-2 times a month,Not at all,Not at all,1-2 times a week,"Yes, often"
44872,Not at all,1-2 times a week,1-2 times a week,Not at all,Not at all,Three times a week or more,No
87783,Not at all,Not at all,1-2 times a week,Not at all,Not at all,Three times a week or more,No
22199,Not at all,Less than 1-2 times a month,1-2 times a month,Not at all,Not at all,Three times a week or more,No
47498,Not at all,Not at all,1-2 times a week,Not at all,Not at all,Three times a week or more,No
57325,Not at all,Not at all,Not at all,Not at all,Not at all,Three times a week or more,No
53776,Not at all,Not at all,Not at all,Not at all,Not at all,Not at all,No
58633,Not at all,Not at all,Not at all,Not at all,Not at all,Three times a week or more,"Yes, often"
27306,Not at all,Less than 1-2 times a month,Less than 1-2 times a month,Not at all,Not at all,Three times a week or more,No
80607,Not at all,Not at all,Not at all,Not at all,Not at all,Three times a week or more,"Yes, sometimes"
73143,Not at all,1-2 times a month,1-2 times a month,Not at all,Not at all,1-2 times a week,No
35797,Not at all,1-2 times a month,1-2 times a week,Not at all,Not at all,1-2 times a week,No
46365,1-2 times a week,Three times a week or more,1-2 times a week,Not at all,Not at all,Three times a week or more,"Yes, often"
30596,Not at all,Not at all,Not at all,Not at all,Not at all,Not at all,No
31045,Not at all,Not at all,1-2 times a week,Not at all,Not at all,Three times a week or more,No
74492,Not at all,1-2 times a week,1-2 times a week,Not at all,Not at all,1-2 times a month,No
76791,Not at all,Not at all,1-2 times a week,Not at all,Not at all,Three times a week or more,No
21348,Not at all,Less than 1-2 times a month,Less than 1-2 times a month,Not at all,Not at all,Three times a week or more,No
23287,Not at all,Not at all,Not at all,Not at all,Not at all,Not at all,No
14763,Not at all,Not at all,1-2 times a week,Not at all,Not at all,1-2 times a month,No
22066,Not at all,Three times a week or more,1-2 times a week,Not at all,Not at all,Not at all,No
64058,Not at all,Not at all,1-2 times a week,Not at all,Not at all,Three times a week or more,No
28247,Not at all,1-2 times a week,1-2 times a week,Not at all,Not at all,1-2 times a month,No
72873,Not at all,1-2 times a month,Not at all,Not at all,Not at all,1-2 times a week,No
67544,Not at all,1-2 times a month,1-2 times a week,Not at all,Not at all,Three times a week or more,No
76810,Not at all,Not at all,1-2 times a week,Not at all,Not at all,Three times a week or more,No
51760,Less than 1-2 times a month,1-2 times a week,1-2 times a week,Not at all,Not at all,1-2 times a month,No
72806,Not at all,Not at all,1-2 times a month,Not at all,Not at all,1-2 times a week,"Yes, sometimes"
98766,Not at all,1-2 times a week,Less than 1-2 times a month,Not at all,Not at all,1-2 times a week,No
23042,Not at all,Not at all,1-2 times a week,Not at all,Not at all,Three times a week or more,No
60997,Not at all,1-2 times a week,1-2 times a week,Not at all,Not at all,Not at all,No
36038,1-2 times a month,1-2 times a week,1-2 times a week,Not at all,Not at all,1-2 times a month,"Yes, sometimes"
39146,Not at all,Not at all,Not at all,Not at all,Not at all,Three times a week or more,I do not exercise
60963,Not at all,Not at all,Not at all,Not at all,Not at all,1-2 times a week,I do not exercise
67918,Not at all,Not at all,Not at all,Not at all,Not at all,Three times a week or more,I do not exercise
34467,Not at all,Not at all,Not at all,Not at all,Not at all,Less than 1-2 times a month,No
42132,Not at all,Not at all,1-2 times a week,Not at all,Not at all,Three times a week or more,No
41268,Not at all,Not at all,Less than 1-2 times a month,Not at all,Not at all,Not at all,No
90692,Not at all,1-2 times a month,1-2 times a month,Not at all,Not at all,Three times a week or more,No
32668,1-2 times a month,Three times a week or more,Three times a week or more,Less than 1-2 times a month,Not at all,Three times a week or more,"Yes, sometimes"
24079,Not at all,Not at all,1-2 times a week,Not at all,Not at all,Three times a week or more,No
59673,Not at all,Not at all,1-2 times a month,Not at all,Not at all,Three times a week or more,I do not exercise
74899,Less than 1-2 times a month,1-2 times a week,1-2 times a month,Not at all,Not at all,Not at all,"Yes, sometimes"
48891,Not at all,Not at all,1-2 times a week,Not at all,Not at all,Three times a week or more,No
81807,Not at all,Not at all,Less than 1-2 times a month,Not at all,Not at all,Less than 1-2 times a month,No
77187,Not at all,Not at all,Not at all,Not at all,Not at all,Not at all,No
91176,Not at all,Not at all,Not at all,Not at all,Not at all,1-2 times a week,I do not exercise
22292,Not at all,1-2 times a week,1-2 times a week,Less than 1-2 times a month,Not at all,1-2 times a month,No
35011,Not at all,1-2 times a week,1-2 times a week,Not at all,Not at all,1-2 times a week,No
76785,Not at all,Not at all,1-2 times a week,Not at all,Not at all,Three times a week or more,No
60903,Not at all,Not at all,1-2 times a week,Not at all,Not at all,Three times a week or more,No
10115,Not at all,1-2 times a month,Less than 1-2 times a month,Not at all,Not at all,1-2 times a week,No
35416,Not at all,Not at all,Not at all,Not at all,Not at all,Three times a week or more,"Yes, often"
89710,Not at all,1-2 times a week,1-2 times a week,Not at all,Not at all,Three times a week or more,No
97596,Not at all,Not at all,1-2 times a month,Not at all,Not at all,Three times a week or more,No
39129,Not at all,Not at all,1-2 times a week,Not at all,Not at all,Three times a week or more,No
57359,Not at all,Less than 1-2 times a month,Less than 1-2 times a month,Not at all,Not at all,Less than 1-2 times a month,No
17308,Not at all,1-2 times a week,1-2 times a week,Not at all,Not at all,Three times a week or more,"Yes, sometimes"
51851,Not at all,1-2 times a month,1-2 times a month,Not at all,Not at all,Three times a week or more,"Yes, sometimes"
35855,Not at all,Three times a week or more,Three times a week or more,Not at all,Not at all,Not at all,No
67334,Not at all,Not at all,Not at all,Not at all,Not at all,1-2 times a week,"Yes, sometimes"
60230,Not at all,Less than 1-2 times a month,1-2 times a month,Not at all,Not at all,1-2 times a week,No
77838,Not at all,Three times a week or more,Three times a week or more,Not at all,Not at all,Three times a week or more,"Yes, sometimes"
37371,Three times a week or more,1-2 times a week,1-2 times a week,Three times a week or more,1-2 times a month,Three times a week or more,No
57292,Not at all,1-2 times a month,1-2 times a month,Not at all,Not at all,Three times a week or more,No
66406,Not at all,Not at all,1-2 times a week,Not at all,Not at all,Three times a week or more,No
90447,Less than 1-2 times a month,1-2 times a week,Less than 1-2 times a month,Less than 1-2 times a month,Not at all,Three times a week or more,No
56798,Not at all,1-2 times a week,1-2 times a week,Not at all,Not at all,1-2 times a week,"Yes, sometimes"
28827,Not at all,1-2 times a month,Less than 1-2 times a month,Not at all,Not at all,Three times a week or more,No
23115,Not at all,1-2 times a week,1-2 times a week,Not at all,Not at all,Less than 1-2 times a month,No
77872,Not at all,1-2 times a week,1-2 times a week,Not at all,Not at all,Three times a week or more,"Yes, sometimes"
43114,Not at all,Three times a week or more,Three times a week or more,Not at all,Not at all,Three times a week or more,No
72348,Not at all,Not at all,Not at all,Not at all,Not at all,1-2 times a week,No
15707,Not at all,Not at all,Not at all,Not at all,Not at all,Three times a week or more,No
45776,Not at all,Not at all,1-2 times a week,Not at all,Not at all,Three times a week or more,No
63122,1-2 times a month,1-2 times a week,1-2 times a month,Not at all,Not at all,1-2 times a week,"Yes, sometimes"
27169,Not at all,Not at all,1-2 times a week,Not at all,Not at all,Three times a week or more,No
89607,Not at all,Not at all,Not at all,Not at all,Not at all,Not at all,No
59900,Not at all,Not at all,Three times a week or more,Not at all,Not at all,Not at all,No
28254,Not at all,1-2 times a week,1-2 times a week,Not at all,Not at all,1-2 times a month,"Yes, often"
56480,Less than 1-2 times a month,1-2 times a week,1-2 times a week,Not at all,Not at all,Three times a week or more,No
11128,Not at all,Less than 1-2 times a month,Less than 1-2 times a month,Less than 1-2 times a month,Not at all,Less than 1-2 times a month,"Yes, sometimes"
47886,Not at all,Not at all,Not at all,Not at all,Not at all,Three times a week or more,No
28820,Not at all,Not at all,Not at all,Not at all,Not at all,1-2 times a week,No
35347,Not at all,Less than 1-2 times a month,Less than 1-2 times a month,Not at all,Not at all,Three times a week or more,I do not exercise
45641,Not at all,Not at all,Not at all,Not at all,Not at all,Three times a week or more,No
25369,1-2 times a week,1-2 times a week,1-2 times a week,1-2 times a week,1-2 times a week,1-2 times a week,No
64572,Not at all,Not at all,Not at all,Not at all,Not at all,1-2 times a month,No
31538,Not at all,1-2 times a week,1-2 times a week,Not at all,Not at all,Three times a week or more,No
73452,Not at all,1-2 times a month,1-2 times a month,Not at all,Not at all,Not at all,No
51475,Not at all,Not at all,Not at all,Not at all,Not at all,Not at all,No
28312,Not at all,1-2 times a week,1-2 times a month,Less than 1-2 times a month,Not at all,Not at all,No
13486,Not at all,1-2 times a week,1-2 times a week,Not at all,Not at all,Less than 1-2 times a month,No
56805,Not at all,Not at all,Not at all,Not at all,Not at all,Not at all,"Yes, often"
57697,Not at all,1-2 times a week,1-2 times a week,Not at all,Not at all,1-2 times a week,No
54837,Not at all,Not at all,1-2 times a week,Not at all,Not at all,Three times a week or more,No
29718,Not at all,1-2 times a month,1-2 times a week,Not at all,Not at all,Three times a week or more,No
26800,Not at all,1-2 times a week,1-2 times a week,Not at all,Not at all,Less than 1-2 times a month,No
60493,Not at all,Not at all,Not at all,Not at all,Not at all,Not at all,No
52051,1-2 times a week,Not at all,1-2 times a month,Not at all,Not at all,Three times a week or more,"Yes, sometimes"
30972,Less than 1-2 times a month,Less than 1-2 times a month,1-2 times a week,Not at all,Not at all,1-2 times a month,No
47142,Not at all,Not at all,Not at all,Not at all,Not at all,Not at all,"Yes, often"
69217,Not at all,1-2 times a month,1-2 times a month,Not at all,Not at all,1-2 times a week,No
69009,Not at all,1-2 times a week,1-2 times a week,Not at all,Not at all,1-2 times a week,No
84390,Not at all,Not at all,Less than 1-2 times a month,Not at all,Not at all,Three times a week or more,"Yes, sometimes"
74845,Not at all,1-2 times a week,1-2 times a week,Less than 1-2 times a month,Not at all,1-2 times a month,No
90905,Not at all,1-2 times a month,1-2 times a month,Not at all,Not at all,1-2 times a week,No
39659,Not at all,Not at all,1-2 times a month,Not at all,Not at all,Three times a week or more,No
62072,Not at all,1-2 times a week,1-2 times a week,Not at all,Not at all,Three times a week or more,No
60396,Not at all,1-2 times a week,1-2 times a month,Less than 1-2 times a month,Not at all,Not at all,No
61084,Not at all,Not at all,Not at all,Not at all,Not at all,1-2 times a month,No
92412,Not at all,Not at all,Not at all,Not at all,Not at all,Not at all,"Yes, sometimes"
92038,Not at all,1-2 times a week,1-2 times a week,Not at all,Not at all,Not at all,"Yes, sometimes"
33388,Not at all,Three times a week or more,Three times a week or more,Less than 1-2 times a month,Not at all,Less than 1-2 times a month,No
31717,Not at all,1-2 times a week,1-2 times a week,Not at all,Not at all,Three times a week or more,"Yes, often"
18324,Not at all,Not at all,Not at all,Not at all,Not at all,1-2 times a week,No
86440,Not at all,Not at all,Not at all,Not at all,Not at all,Not at all,No
95585,Not at all,1-2 times a week,1-2 times a week,Not at all,Not at all,Not at all,"Yes, sometimes"
29792,Not at all,Three times a week or more,1-2 times a week,1-2 times a week,Not at all,Three times a week or more,No
14737,Not at all,1-2 times a month,1-2 times a month,Not at all,Not at all,Three times a week or more,I do not exercise
28223,Not at all,1-2 times a week,1-2 times a week,Not at all,Not at all,1-2 times a week,No
85708,Not at all,Not at all,1-2 times a week,Not at all,Not at all,Three times a week or more,No
55452,Not at all,Not at all,Not at all,Not at all,Not at all,Three times a week or more,"Yes, sometimes"
20179,Not at all,1-2 times a week,1-2 times a week,Not at all,Not at all,Three times a week or more,"Yes, sometimes"
78339,Less than 1-2 times a month,1-2 times a week,1-2 times a week,Not at all,Not at all,Not at all,No
23696,Not at all,1-2 times a week,1-2 times a week,Not at all,Not at all,Three times a week or more,No
28653,Not at all,Not at all,Not at all,Not at all,Not at all,Not at all,No
84715,Not at all,Not at all,Not at all,Not at all,Not at all,Not at all,I do not exercise
95559,Not at all,1-2 times a week,1-2 times a week,Not at all,Not at all,1-2 times a week,No
30152,Not at all,Not at all,Less than 1-2 times a month,Not at all,Not at all,Three times a week or more,No
68764,Not at all,Not at all,Not at all,Not at all,Not at all,Not at all,No
60367,Not at all,1-2 times a week,1-2 times a week,Not at all,Not at all,Three times a week or more,No
36939,Not at all,Not at all,Not at all,Not at all,Not at all,Not at all,No
59592,Not at all,1-2 times a month,1-2 times a week,Not at all,Not at all,Three times a week or more,"Yes, sometimes"
22897,Not at all,1-2 times a week,1-2 times a week,Less than 1-2 times a month,Not at all,Three times a week or more,No
89652,Not at all,Not at all,Not at all,Not at all,Not at all,Three times a week or more,No
28724,Not at all,Not at all,1-2 times a week,Not at all,Not at all,Three times a week or more,No
92895,Not at all,Not at all,1-2 times a week,Not at all,Not at all,Three times a week or more,No
69831,Not at all,1-2 times a week,1-2 times a week,Not at all,Not at all,Not at all,No
59178,Not at all,1-2 times a week,1-2 times a week,Not at all,Not at all,Three times a week or more,I do not exercise
50072,Not at all,Less than 1-2 times a month,Less than 1-2 times a month,Not at all,Not at all,1-2 times a month,No
44927,Not at all,Not at all,Not at all,Not at all,Not at all,Not at all,No
71894,Not at all,Not at all,Not at all,Not at all,Not at all,Not at all,No
76790,Not at all,Three times a week or more,Three times a week or more,Not at all,Not at all,Three times a week or more,No
78428,Not at all,Not at all,1-2 times a week,Not at all,Not at all,Three times a week or more,No
66676,Not at all,Not at all,Not at all,Not at all,Not at all,1-2 times a week,No
95930,Not at all,Not at all,Not at all,Not at all,Not at all,1-2 times a week,No
70962,Not at all,1-2 times a week,1-2 times a week,Not at all,Not at all,1-2 times a week,No
12738,Not at all,Not at all,1-2 times a week,Not at all,Not at all,Three times a week or more,No
29647,Not at all,1-2 times a week,1-2 times a week,Not at all,Not at all,Three times a week or more,No
27111,Not at all,Not at all,1-2 times a week,Not at all,Not at all,Three times a week or more,No
30453,Not at all,Not at all,Not at all,Not at all,Not at all,Three times a week or more,"Yes, often"
58219,Not at all,Not at all,Not at all,Not at all,Not at all,1-2 times a week,No
28377,Not at all,1-2 times a week,1-2 times a week,Less than 1-2 times a month,Not at all,Not at all,No
80177,Not at all,1-2 times a month,1-2 times a week,Not at all,Not at all,Three times a week or more,No
18677,Not at all,1-2 times a week,1-2 times a week,Not at all,Not at all,Not at all,No
66047,Not at all,Less than 1-2 times a month,Less than 1-2 times a month,Not at all,Not at all,1-2 times a month,No
58682,Not at all,Not at all,Not at all,Not at all,Not at all,1-2 times a month,No
81199,Not at all,Less than 1-2 times a month,Less than 1-2 times a month,Not at all,Not at all,Not at all,No
85679,Not at all,Not at all,1-2 times a week,Not at all,Not at all,Three times a week or more,No
79834,Not at all,1-2 times a week,1-2 times a week,Not at all,Not at all,Not at all,No
93471,Not at all,Not at all,1-2 times a week,Not at all,Not at all,Three times a week or more,No
19538,Not at all,Not at all,Not at all,Not at all,Not at all,1-2 times a week,No
14595,1-2 times a month,1-2 times a week,1-2 times a week,Less than 1-2 times a month,Not at all,Less than 1-2 times a month,No
38052,Not at all,1-2 times a week,1-2 times a week,Not at all,Not at all,Not at all,No
33133,Not at all,1-2 times a week,1-2 times a week,Not at all,Not at all,Three times a week or more,No
40021,Not at all,Not at all,Not at all,Not at all,Not at all,Three times a week or more,No
27141,Not at all,Less than 1-2 times a month,1-2 times a week,Not at all,Not at all,Less than 1-2 times a month,No
93858,Not at all,Not at all,Not at all,Not at all,Not at all,Not at all,No
47810,Not at all,Not at all,Less than 1-2 times a month,Not at all,Not at all,Not at all,No
58196,Not at all,1-2 times a month,1-2 times a month,Not at all,Not at all,Three times a week or more,No
42773,Not at all,1-2 times a week,1-2 times a week,Not at all,Not at all,Less than 1-2 times a month,"Yes, often"
72152,Not at all,Not at all,1-2 times a week,Not at all,Not at all,Three times a week or more,No
76663,Not at all,Not at all,Not at all,Not at all,Not at all,Less than 1-2 times a month,No
48224,Not at all,Not at all,Not at all,Not at all,Not at all,Three times a week or more,No
30137,Not at all,Not at all,1-2 times a month,Not at all,Not at all,1-2 times a week,No
68318,Not at all,Not at all,Not at all,Not at all,Not at all,Less than 1-2 times a month,No
62246,Not at all,1-2 times a week,1-2 times a week,Not at all,Not at all,Less than 1-2 times a month,No
69496,Not at all,Not at all,1-2 times a week,Not at all,Not at all,Three times a week or more,No
61028,Not at all,Less than 1-2 times a month,1-2 times a month,Not at all,Not at all,Not at all,No
55424,Not at all,Less than 1-2 times a month,Less than 1-2 times a month,Not at all,Not at all,1-2 times a month,No
17581,Not at all,Not at all,1-2 times a week,Not at all,Not at all,Three times a week or more,No
23576,Not at all,Less than 1-2 times a month,Less than 1-2 times a month,Not at all,Not at all,1-2 times a month,No
57842,Not at all,1-2 times a month,1-2 times a week,Not at all,Not at all,Three times a week or more,No
17522,Not at all,Not at all,Not at all,Not at all,Not at all,Less than 1-2 times a month,No
55685,Not at all,1-2 times a week,1-2 times a month,Not at all,Not at all,Three times a week or more,No
74079,Not at all,Less than 1-2 times a month,Less than 1-2 times a month,Not at all,Not at all,1-2 times a month,No
97833,Not at all,1-2 times a week,1-2 times a month,Not at all,Not at all,1-2 times a week,"Yes, sometimes"
11992,Not at all,Not at all,Not at all,Not at all,Not at all,Three times a week or more,No
93485,Less than 1-2 times a month,1-2 times a week,1-2 times a week,Not at all,Not at all,Three times a week or more,"Yes, often"
34402,Less than 1-2 times a month,1-2 times a week,1-2 times a week,Less than 1-2 times a month,Not at all,1-2 times a week,No
62617,Not at all,1-2 times a week,1-2 times a week,Not at all,Not at all,Three times a week or more,No
42137,Not at all,Not at all,Less than 1-2 times a month,Not at all,Not at all,1-2 times a week,"Yes, often"
37305,Not at all,1-2 times a week,1-2 times a week,Less than 1-2 times a month,Not at all,Not at all,No
48013,Not at all,1-2 times a month,Not at all,Not at all,Not at all,Three times a week or more,"Yes, sometimes"
44447,Not at all,Not at all,1-2 times a week,Not at all,Not at all,Three times a week or more,No
14571,Not at all,Not at all,1-2 times a month,Not at all,Not at all,Not at all,I do not exercise
69057,Not at all,1-2 times a month,1-2 times a month,Not at all,Not at all,1-2 times a week,No
49125,Not at all,1-2 times a month,1-2 times a month,Not at all,Not at all,Three times a week or more,No
66629,Not at all,1-2 times a week,1-2 times a week,Not at all,Not at all,Less than 1-2 times a month,"Yes, sometimes"
83542,Not at all,Not at all,Not at all,Not at all,Not at all,1-2 times a month,"Yes, sometimes"
18222,Not at all,1-2 times a month,1-2 times a month,Not at all,Not at all,1-2 times a week,No
39738,Not at all,Not at all,Less than 1-2 times a month,Not at all,Not at all,Not at all,No
26858,Not at all,Not at all,1-2 times a month,Not at all,Not at all,1-2 times a week,"Yes, sometimes"
70552,Not at all,1-2 times a week,1-2 times a week,Not at all,Not at all,1-2 times a week,No
38826,Not at all,1-2 times a week,1-2 times a week,Not at all,Not at all,Not at all,No
93504,Not at all,Not at all,Not at all,Not at all,Not at all,1-2 times a month,No
64232,Not at all,1-2 times a week,1-2 times a week,Less than 1-2 times a month,Not at all,Three times a week or more,No
37404,Not at all,Less than 1-2 times a month,1-2 times a month,Not at all,Not at all,Three times a week or more,No
25961,Not at all,Not at all,1-2 times a week,Not at all,Not at all,Three times a week or more,No
87330,Not at all,Not at all,1-2 times a week,Not at all,Not at all,Three times a week or more,No
92028,Not at all,1-2 times a week,Three times a week or more,Less than 1-2 times a month,Not at all,Three times a week or more,"Yes, often"
82248,Not at all,Not at all,Not at all,Not at all,Not at all,Less than 1-2 times a month,No
28824,Not at all,Not at all,1-2 times a week,Not at all,Not at all,Three times a week or more,No
11482,Not at all,Less than 1-2 times a month,1-2 times a week,1-2 times a month,Less than 1-2 times a month,Three times a week or more,I do not exercise
69936,Not at all,1-2 times a week,1-2 times a week,Not at all,Not at all,Not at all,I do not exercise
91320,Less than 1-2 times a month,1-2 times a week,1-2 times a week,Not at all,Not at all,Three times a week or more,No
37001,Less than 1-2 times a month,Three times a week or more,Three times a week or more,Not at all,Not at all,Three times a week or more,No
70492,Not at all,Three times a week or more,Three times a week or more,Not at all,Not at all,1-2 times a month,No
95543,Not at all,Not at all,Not at all,Not at all,Not at all,Less than 1-2 times a month,No
21380,Three times a week or more,1-2 times a week,1-2 times a month,Not at all,Not at all,Three times a week or more,No
67106,Not at all,Not at all,Not at all,Not at all,Not at all,Not at all,I do not exercise
25495,Not at all,Less than 1-2 times a month,Less than 1-2 times a month,Not at all,Not at all,Not at all,I do not exercise
26581,Not at all,Less than 1-2 times a month,1-2 times a week,Not at all,Not at all,1-2 times a week,No
66642,Not at all,Not at all,Not at all,Not at all,Not at all,Less than 1-2 times a month,"Yes, sometimes"
83612,Not at all,Less than 1-2 times a month,Not at all,Not at all,Not at all,Three times a week or more,No
63954,Not at all,Not at all,Not at all,Not at all,Not at all,Not at all,No
20665,Not at all,1-2 times a week,1-2 times a month,Not at all,Not at all,1-2 times a week,I do not exercise
19122,Not at all,1-2 times a week,1-2 times a month,Less than 1-2 times a month,Not at all,Three times a week or more,No
99978,Not at all,Less than 1-2 times a month,Less than 1-2 times a month,Not at all,Not at all,Less than 1-2 times a month,"Yes, sometimes"
92566,Not at all,Not at all,Less than 1-2 times a month,Not at all,Not at all,Not at all,"Yes, sometimes"
39414,Not at all,Not at all,Not at all,Not at all,Not at all,1-2 times a week,No
35987,Less than 1-2 times a month,1-2 times a month,Not at all,Not at all,Not at all,Three times a week or more,No
66655,Not at all,Less than 1-2 times a month,1-2 times a month,Not at all,Not at all,Three times a week or more,No
10547,Not at all,1-2 times a week,1-2 times a week,Not at all,Not at all,Three times a week or more,No
46373,Three times a week or more,1-2 times a week,1-2 times a week,1-2 times a month,Not at all,Three times a week or more,No
79341,Not at all,Not at all,Not at all,Not at all,Not at all,Three times a week or more,No
19591,Not at all,Not at all,1-2 times a week,Not at all,Not at all,1-2 times a month,No
83536,Not at all,Less than 1-2 times a month,Less than 1-2 times a month,Not at all,Not at all,Three times a week or more,No
66682,Not at all,1-2 times a week,Less than 1-2 times a month,Not at all,Not at all,Not at all,"Yes, sometimes"
88337,Less than 1-2 times a month,1-2 times a week,1-2 times a week,Not at all,Not at all,1-2 times a week,No
67608,Not at all,1-2 times a week,Less than 1-2 times a month,Not at all,Not at all,1-2 times a week,No
19735,Not at all,1-2 times a week,1-2 times a week,1-2 times a month,Not at all,1-2 times a week,No
42513,Not at all,Not at all,1-2 times a week,Not at all,Not at all,Three times a week or more,No
64595,Not at all,Not at all,1-2 times a week,Not at all,Not at all,Three times a week or more,No
85134,Not at all,1-2 times a month,1-2 times a month,Not at all,Not at all,1-2 times a week,No
51952,Not at all,Not at all,1-2 times a week,Not at all,Not at all,Three times a week or more,No
28837,Not at all,Not at all,1-2 times a week,Not at all,Not at all,Three times a week or more,No
46266,Not at all,Not at all,Not at all,Not at all,Not at all,Not at all,I do not exercise
61289,Not at all,Not at all,1-2 times a week,Not at all,Not at all,Three times a week or more,No
18743,Not at all,1-2 times a week,Less than 1-2 times a month,Not at all,Not at all,Less than 1-2 times a month,"Yes, sometimes"
13647,Not at all,Not at all,Not at all,Not at all,Not at all,Not at all,No
59207,Not at all,Less than 1-2 times a month,Less than 1-2 times a month,Not at all,Not at all,1-2 times a week,"Yes, often"
48946,Not at all,1-2 times a month,1-2 times a month,Not at all,Not at all,Three times a week or more,"Yes, sometimes"
86083,Not at all,1-2 times a week,1-2 times a week,Not at all,Not at all,1-2 times a week,No
96613,Less than 1-2 times a month,1-2 times a month,1-2 times a month,Not at all,Not at all,Not at all,No
49014,Not at all,Not at all,Less than 1-2 times a month,Not at all,Not at all,Less than 1-2 times a month,No
50766,Less than 1-2 times a month,Three times a week or more,1-2 times a week,1-2 times a week,Not at all,1-2 times a month,No
71089,Not at all,1-2 times a week,1-2 times a week,Not at all,Not at all,Three times a week or more,No
80980,Not at all,1-2 times a week,1-2 times a week,Not at all,Not at all,1-2 times a week,No
29115,Not at all,Not at all,1-2 times a week,Not at all,Not at all,Three times a week or more,No
98462,Not at all,Not at all,Not at all,Not at all,Not at all,Not at all,No
94455,Not at all,Not at all,1-2 times a week,Not at all,Not at all,Three times a week or more,No
11148,Not at all,Not at all,Not at all,Not at all,Not at all,Three times a week or more,No
88384,Not at all,1-2 times a week,1-2 times a week,Less than 1-2 times a month,Not at all,1-2 times a month,No
60904,Not at all,Not at all,Not at all,Not at all,Not at all,1-2 times a week,No
64302,Not at all,Not at all,Not at all,Not at all,Not at all,Not at all,I do not exercise
51882,Not at all,Less than 1-2 times a month,1-2 times a month,Not at all,Not at all,Less than 1-2 times a month,No
54200,Not at all,Not at all,Not at all,Not at all,Not at all,Not at all,No
22688,Less than 1-2 times a month,1-2 times a week,1-2 times a week,Not at all,Not at all,1-2 times a week,No
38815,Not at all,1-2 times a week,1-2 times a month,Not at all,Not at all,Less than 1-2 times a month,No
34525,1-2 times a month,1-2 times a week,1-2 times a week,Less than 1-2 times a month,Not at all,Three times a week or more,No
68404,Not at all,1-2 times a month,1-2 times a month,Not at all,Not at all,Three times a week or more,No
71836,1-2 times a week,Three times a week or more,Three times a week or more,Not at all,Not at all,1-2 times a week,"Yes, sometimes"
12748,Not at all,Not at all,1-2 times a week,Not at all,Not at all,Three times a week or more,No
33445,Not at all,1-2 times a week,1-2 times a week,Not at all,Less than 1-2 times a month,Not at all,No
83078,Not at all,1-2 times a week,1-2 times a week,Not at all,Not at all,Three times a week or more,No
72160,Not at all,Not at all,1-2 times a week,Not at all,Not at all,Three times a week or more,No
55569,Not at all,Not at all,Not at all,Not at all,Not at all,Not at all,No
72885,Not at all,1-2 times a week,1-2 times a week,1-2 times a month,Not at all,Three times a week or more,No
47006,Not at all,Less than 1-2 times a month,Less than 1-2 times a month,Not at all,Not at all,1-2 times a week,No
36574,1-2 times a week,1-2 times a week,1-2 times a week,Not at all,Not at all,Less than 1-2 times a month,No
71193,Not at all,Not at all,Not at all,Not at all,Not at all,Three times a week or more,"Yes, often"
44070,Not at all,Not at all,Less than 1-2 times a month,Not at all,Not at all,Less than 1-2 times a month,No
49010,Not at all,1-2 times a week,1-2 times a month,Not at all,Not at all,Three times a week or more,"Yes, often"
98760,Not at all,Less than 1-2 times a month,Not at all,Not at all,Not at all,Less than 1-2 times a month,No
95374,Not at all,Not at all,Not at all,Not at all,Not at all,Not at all,No
71985,Not at all,Not at all,Not at all,Not at all,Not at all,Not at all,No
43125,Not at all,1-2 times a month,1-2 times a month,Not at all,Not at all,Three times a week or more,"Yes, often"
98117,Not at all,Less than 1-2 times a month,Not at all,Not at all,Not at all,1-2 times a week,I do not exercise
22989,Not at all,1-2 times a week,1-2 times a week,Not at all,Not at all,1-2 times a month,No
24883,Three times a week or more,1-2 times a week,1-2 times a week,Not at all,Not at all,Three times a week or more,No
65068,Not at all,Not at all,1-2 times a week,Not at all,Not at all,Three times a week or more,No
20650,Not at all,1-2 times a month,1-2 times a month,Not at all,Not at all,Less than 1-2 times a month,No
19460,Not at all,Not at all,1-2 times a week,Not at all,Not at all,Three times a week or more,No
66815,Not at all,Not at all,Not at all,Not at all,Not at all,Less than 1-2 times a month,"Yes, often"
89161,Not at all,1-2 times a week,1-2 times a week,Not at all,Not at all,Three times a week or more,No
54956,Not at all,Not at all,Not at all,Not at all,Not at all,Three times a week or more,No
14847,1-2 times a month,1-2 times a month,1-2 times a month,Not at all,Not at all,Less than 1-2 times a month,No
85453,1-2 times a month,1-2 times a week,1-2 times a week,Not at all,Not at all,Not at all,No
19827,Not at all,Three times a week or more,1-2 times a month,Not at all,Not at all,1-2 times a week,No
31121,Not at all,Not at all,1-2 times a week,Not at all,Not at all,1-2 times a week,No
38683,Not at all,1-2 times a week,1-2 times a week,Not at all,Not at all,Not at all,"Yes, sometimes"
82918,Not at all,Not at all,1-2 times a week,Not at all,Not at all,Three times a week or more,No
43382,Not at all,Not at all,Not at all,Not at all,Not at all,Less than 1-2 times a month,"Yes, sometimes"
44344,Not at all,1-2 times a month,1-2 times a month,Not at all,Not at all,Not at all,No
94215,Not at all,Not at all,Not at all,Not at all,Not at all,1-2 times a week,No
80675,Not at all,Not at all,1-2 times a week,Not at all,Not at all,1-2 times a week,"Yes, sometimes"
57144,Not at all,Not at all,Not at all,Not at all,Not at all,Not at all,No
94662,Not at all,Not at all,Not at all,Not at all,Not at all,Three times a week or more,No
98700,Not at all,Less than 1-2 times a month,Less than 1-2 times a month,Not at all,Not at all,Three times a week or more,"Yes, sometimes"
44675,Not at all,Not at all,Not at all,Not at all,Not at all,Three times a week or more,"Yes, often"
33341,Not at all,1-2 times a week,1-2 times a week,Not at all,Not at all,1-2 times a week,No
37396,Not at all,Not at all,Not at all,Not at all,Not at all,1-2 times a week,No
65072,Less than 1-2 times a month,Three times a week or more,1-2 times a week,Not at all,Less than 1-2 times a month,1-2 times a week,No
37148,Not at all,1-2 times a week,1-2 times a week,Less than 1-2 times a month,Not at all,Three times a week or more,No
11910,Not at all,1-2 times a month,1-2 times a week,Not at all,Not at all,1-2 times a month,No
75438,Not at all,Less than 1-2 times a month,1-2 times a week,Less than 1-2 times a month,Not at all,Three times a week or more,"Yes, sometimes"
99733,Not at all,Not at all,Not at all,Not at all,Not at all,Three times a week or more,"Yes, often"
27407,Not at all,Not at all,Not at all,Not at all,Not at all,1-2 times a week,No
14250,Not at all,Not at all,Not at all,Not at all,Not at all,1-2 times a week,No
43794,Not at all,1-2 times a month,1-2 times a week,Not at all,Not at all,Not at all,"Yes, often"
73918,Not at all,Not at all,1-2 times a week,Not at all,Not at all,Three times a week or more,No
60216,Not at all,1-2 times a month,1-2 times a month,Not at all,Not at all,1-2 times a month,No
28681,Not at all,Not at all,Not at all,Not at all,Not at all,Three times a week or more,No
51437,Not at all,Less than 1-2 times a month,1-2 times a week,Not at all,Not at all,Three times a week or more,No
21932,Not at all,1-2 times a month,1-2 times a month,Not at all,Not at all,Not at all,No
29733,Not at all,Not at all,Not at all,Not at all,Not at all,Less than 1-2 times a month,No
98206,Not at all,Not at all,1-2 times a month,Not at all,Not at all,Three times a week or more,No
36385,Not at all,Less than 1-2 times a month,Less than 1-2 times a month,Not at all,Not at all,1-2 times a month,No
26651,Not at all,Not at all,1-2 times a week,Not at all,Not at all,Three times a week or more,No
54030,Not at all,Not at all,Not at all,Not at all,Not at all,Less than 1-2 times a month,No
67993,Not at all,1-2 times a week,1-2 times a week,Not at all,Not at all,Three times a week or more,No
96543,Not at all,Less than 1-2 times a month,Less than 1-2 times a month,Not at all,Not at all,1-2 times a week,No
49800,Not at all,Not at all,Not at all,Not at all,Not at all,Not at all,No
29296,Not at all,1-2 times a month,1-2 times a week,Not at all,Not at all,Three times a week or more,No
11002,Not at all,Less than 1-2 times a month,1-2 times a week,Not at all,Not at all,Less than 1-2 times a month,No
72850,Not at all,1-2 times a week,1-2 times a week,Not at all,Not at all,1-2 times a week,No
15134,Not at all,Not at all,Not at all,Not at all,Not at all,1-2 times a week,No
69124,Not at all,Not at all,1-2 times a week,Not at all,Not at all,Three times a week or more,No
42531,Not at all,Less than 1-2 times a month,Less than 1-2 times a month,Not at all,Not at all,Less than 1-2 times a month,No
34062,Not at all,1-2 times a month,1-2 times a month,Not at all,Not at all,Three times a week or more,No
18111,1-2 times a month,1-2 times a week,Three times a week or more,Not at all,Not at all,Three times a week or more,"Yes, sometimes"
42646,Not at all,Less than 1-2 times a month,Not at all,Not at all,Not at all,Three times a week or more,No
63922,Not at all,Not at all,Not at all,Not at all,Not at all,Three times a week or more,"Yes, often"
59097,Not at all,1-2 times a week,1-2 times a week,Not at all,Not at all,Not at all,"Yes, sometimes"
72912,Not at all,Less than 1-2 times a month,1-2 times a month,Not at all,Not at all,Less than 1-2 times a month,No
91484,Not at all,Less than 1-2 times a month,1-2 times a month,Not at all,Not at all,1-2 times a week,No
24833,Not at all,1-2 times a week,1-2 times a week,Not at all,Not at all,Three times a week or more,No
21971,Not at all,Less than 1-2 times a month,1-2 times a week,Not at all,Not at all,Three times a week or more,No
58654,Not at all,Not at all,Not at all,Not at all,Not at all,Not at all,No
13928,Not at all,Not at all,1-2 times a week,Not at all,Not at all,Three times a week or more,No
84502,Not at all,Not at all,1-2 times a week,Not at all,Not at all,Three times a week or more,No
64090,Not at all,Not at all,1-2 times a week,Not at all,Not at all,Three times a week or more,No
52123,Not at all,1-2 times a week,1-2 times a week,Not at all,Not at all,Three times a week or more,No
78783,Not at all,1-2 times a month,1-2 times a week,Not at all,Not at all,1-2 times a week,No
25197,Not at all,1-2 times a week,1-2 times a week,Not at all,Not at all,Not at all,No
35872,Not at all,Not at all,Not at all,Not at all,Not at all,Not at all,No
93462,Not at all,1-2 times a month,1-2 times a month,Less than 1-2 times a month,Not at all,Three times a week or more,No
23270,Not at all,Not at all,Less than 1-2 times a month,Not at all,Not at all,Not at all,"Yes, sometimes"
69807,Not at all,1-2 times a month,1-2 times a month,Not at all,Not at all,Three times a week or more,No
92716,Less than 1-2 times a month,1-2 times a week,1-2 times a week,Not at all,Less than 1-2 times a month,Three times a week or more,"Yes, often"
66061,Not at all,Not at all,1-2 times a week,Not at all,Not at all,Three times a week or more,No
56058,Not at all,1-2 times a month,1-2 times a month,Not at all,Not at all,Three times a week or more,No
57854,Not at all,Not at all,1-2 times a week,Not at all,Not at all,Three times a week or more,No
68679,1-2 times a month,Not at all,Not at all,Not at all,Not at all,Three times a week or more,I do not exercise
90750,Not at all,Not at all,1-2 times a week,Not at all,Not at all,Three times a week or more,No
70125,Not at all,Not at all,1-2 times a week,Not at all,Not at all,Less than 1-2 times a month,"Yes, sometimes"
67192,Not at all,Less than 1-2 times a month,1-2 times a month,Not at all,Not at all,Less than 1-2 times a month,I do not exercise
12029,Not at all,Not at all,Not at all,Not at all,Not at all,Not at all,No
70745,Not at all,Less than 1-2 times a month,1-2 times a week,Not at all,Not at all,1-2 times a month,No
43255,Not at all,Three times a week or more,Three times a week or more,Not at all,Not at all,Three times a week or more,No
93856,Not at all,Not at all,1-2 times a month,Not at all,Not at all,1-2 times a week,No
10237,Not at all,1-2 times a month,1-2 times a month,Not at all,Not at all,Three times a week or more,No
97448,Not at all,1-2 times a month,1-2 times a week,Not at all,Not at all,1-2 times a week,No
43603,1-2 times a week,Three times a week or more,Three times a week or more,1-2 times a week,Less than 1-2 times a month,1-2 times a month,No
86974,Not at all,1-2 times a week,1-2 times a month,Not at all,Not at all,Not at all,No
89165,Not at all,1-2 times a month,1-2 times a week,Not at all,Not at all,Three times a week or more,No
97280,1-2 times a week,1-2 times a week,1-2 times a week,Not at all,Not at all,1-2 times a week,"Yes, sometimes"
54098,Not at all,1-2 times a week,1-2 times a week,Not at all,Not at all,1-2 times a week,No
66156,Not at all,1-2 times a week,1-2 times a week,Not at all,Not at all,Three times a week or more,No
67177,Not at all,Less than 1-2 times a month,1-2 times a month,Not at all,Not at all,1-2 times a month,No
22540,Not at all,Not at all,Not at all,Not at all,Not at all,Less than 1-2 times a month,No
70668,Not at all,1-2 times a week,1-2 times a week,Less than 1-2 times a month,Not at all,1-2 times a week,No
15586,Not at all,Not at all,1-2 times a week,Not at all,Not at all,Three times a week or more,No
27232,Not at all,1-2 times a week,1-2 times a month,Not at all,Not at all,1-2 times a week,No
18611,Not at all,Not at all,1-2 times a week,Not at all,Not at all,Not at all,"Yes, sometimes"
87328,Not at all,Not at all,Not at all,Not at all,Not at all,1-2 times a month,I do not exercise
88963,Not at all,Not at all,1-2 times a week,Not at all,Not at all,Three times a week or more,No
61756,Not at all,Not at all,Not at all,Not at all,Not at all,Not at all,No
57045,Not at all,1-2 times a week,1-2 times a week,Not at all,Not at all,Three times a week or more,No
49497,Not at all,1-2 times a week,1-2 times a week,1-2 times a month,1-2 times a month,1-2 times a week,"Yes, often"
15031,Not at all,Not at all,Not at all,Not at all,Not at all,Not at all,"Yes, sometimes"
79607,Not at all,1-2 times a month,1-2 times a month,Not at all,Not at all,1-2 times a month,No
41952,Not at all,1-2 times a week,1-2 times a week,Not at all,Not at all,Three times a week or more,No
17183,Not at all,1-2 times a month,1-2 times a month,Not at all,Not at all,1-2 times a week,No
22408,Not at all,Less than 1-2 times a month,Not at all,Not at all,Not at all,Not at all,No
54435,Not at all,1-2 times a month,1-2 times a week,Not at all,Not at all,1-2 times a week,No
38554,Not at all,Less than 1-2 times a month,Not at all,Not at all,Not at all,Not at all,No
38293,Not at all,Less than 1-2 times a month,Less than 1-2 times a month,Not at all,Not at all,1-2 times a week,No
33785,Three times a week or more,Less than 1-2 times a month,Less than 1-2 times a month,Not at all,Not at all,Three times a week or more,No
44310,Not at all,Not at all,Not at all,Not at all,Not at all,Not at all,No
33009,Not at all,1-2 times a week,1-2 times a week,Not at all,Not at all,Three times a week or more,"Yes, sometimes"
31294,Not at all,Not at all,Not at all,Not at all,Not at all,Three times a week or more,No
65143,Not at all,Not at all,1-2 times a week,Not at all,Not at all,Three times a week or more,No
91726,Not at all,1-2 times a month,1-2 times a month,Not at all,Not at all,1-2 times a week,No
59355,Not at all,1-2 times a week,1-2 times a week,Not at all,Not at all,1-2 times a week,"Yes, sometimes"
96184,Not at all,Not at all,Not at all,Not at all,Not at all,Three times a week or more,No
92339,Not at all,Not at all,Less than 1-2 times a month,Not at all,Not at all,1-2 times a week,No
70005,Not at all,1-2 times a week,1-2 times a week,Not at all,Not at all,Not at all,No
64157,Not at all,Not at all,Not at all,Not at all,Not at all,Three times a week or more,No
68050,Not at all,Not at all,1-2 times a week,Not at all,Not at all,Three times a week or more,No
46151,Not at all,1-2 times a week,1-2 times a week,Not at all,Not at all,Three times a week or more,No
79395,Not at all,1-2 times a week,1-2 times a week,Not at all,Not at all,1-2 times a week,No
59863,Not at all,1-2 times a week,Not at all,Not at all,Not at all,1-2 times a week,"Yes, sometimes"
63419,Not at all,Not at all,Not at all,Not at all,Not at all,Not at all,"Yes, sometimes"
22913,Not at all,1-2 times a week,1-2 times a month,Not at all,Not at all,Three times a week or more,No
91313,Not at all,1-2 times a week,1-2 times a month,Not at all,Not at all,1-2 times a week,No
14511,Not at all,1-2 times a week,1-2 times a week,Not at all,Not at all,Three times a week or more,No
73962,Not at all,1-2 times a week,1-2 times a week,Less than 1-2 times a month,Not at all,Three times a week or more,No
48969,Not at all,Not at all,Not at all,Not at all,Not at all,1-2 times a week,"Yes, often"
22093,1-2 times a week,1-2 times a week,1-2 times a week,Not at all,Not at all,Three times a week or more,No
32919,Not at all,1-2 times a month,Less than 1-2 times a month,Not at all,Not at all,Not at all,I do not exercise
10153,Not at all,1-2 times a month,1-2 times a month,Not at all,Not at all,Less than 1-2 times a month,No
79731,Not at all,Less than 1-2 times a month,Less than 1-2 times a month,Not at all,Not at all,Three times a week or more,No
63611,Not at all,Not at all,1-2 times a week,Not at all,Not at all,Three times a week or more,No
64296,Not at all,Not at all,Not at all,Not at all,Not at all,1-2 times a week,No
23487,Not at all,Not at all,1-2 times a week,Not at all,Not at all,Three times a week or more,No
17569,1-2 times a month,1-2 times a week,1-2 times a week,Not at all,Not at all,1-2 times a week,"Yes, sometimes"
77036,Not at all,Not at all,Not at all,Not at all,Not at all,Not at all,No
53518,Three times a week or more,1-2 times a week,1-2 times a week,Less than 1-2 times a month,Not at all,Three times a week or more,No
92340,Not at all,1-2 times a month,Less than 1-2 times a month,Not at all,Not at all,Not at all,No
37485,Not at all,Not at all,1-2 times a week,Not at all,Not at all,Three times a week or more,No
33953,Not at all,1-2 times a month,1-2 times a month,Not at all,Not at all,1-2 times a week,No
53333,Not at all,Not at all,1-2 times a week,Not at all,Not at all,Three times a week or more,No
82986,Not at all,Not at all,Not at all,Not at all,Not at all,Not at all,"Yes, often"
61772,Less than 1-2 times a month,1-2 times a week,1-2 times a week,Not at all,Not at all,1-2 times a month,"Yes, sometimes"
47280,Less than 1-2 times a month,1-2 times a week,1-2 times a week,Not at all,Not at all,Not at all,No
70566,Not at all,Less than 1-2 times a month,1-2 times a week,Not at all,Not at all,Three times a week or more,"Yes, sometimes"
82964,Not at all,Not at all,Not at all,Not at all,Not at all,1-2 times a week,No
11402,Less than 1-2 times a month,Not at all,Not at all,Not at all,1-2 times a month,1-2 times a month,No
38610,Not at all,Less than 1-2 times a month,1-2 times a week,Not at all,Not at all,Less than 1-2 times a month,No
96610,Not at all,Not at all,Not at all,Not at all,Not at all,Three times a week or more,"Yes, sometimes"
77711,Not at all,1-2 times a month,1-2 times a week,Not at all,Not at all,Not at all,No
48505,Not at all,1-2 times a week,1-2 times a week,Not at all,Not at all,Less than 1-2 times a month,No
78667,Not at all,Not at all,1-2 times a week,Not at all,Not at all,Three times a week or more,No
17020,Not at all,1-2 times a month,Less than 1-2 times a month,Not at all,Not at all,Less than 1-2 times a month,"Yes, often"
48676,Not at all,Less than 1-2 times a month,1-2 times a week,Not at all,Not at all,Three times a week or more,No
29885,Not at all,1-2 times a week,1-2 times a week,Not at all,Not at all,1-2 times a month,No
32976,Not at all,Not at all,Not at all,Not at all,Not at all,Three times a week or more,No
79167,Not at all,1-2 times a month,1-2 times a week,Not at all,Not at all,Less than 1-2 times a month,No
65061,Not at all,Three times a week or more,Three times a week or more,Not at all,Not at all,Three times a week or more,No
43710,Not at all,Less than 1-2 times a month,1-2 times a month,Not at all,Not at all,Less than 1-2 times a month,No
61389,Not at all,Not at all,Less than 1-2 times a month,Not at all,Not at all,1-2 times a month,No
22455,Not at all,Not at all,Not at all,Not at all,Not at all,Not at all,"Yes, often"
82819,Not at all,1-2 times a month,1-2 times a week,Not at all,Not at all,1-2 times a week,"Yes, sometimes"
67771,Not at all,1-2 times a week,Less than 1-2 times a month,Not at all,Not at all,1-2 times a week,No
57443,Not at all,Not at all,Not at all,Not at all,Not at all,Less than 1-2 times a month,No
96469,Not at all,Not at all,1-2 times a week,Not at all,Not at all,Three times a week or more,No
94579,Not at all,Less than 1-2 times a month,Less than 1-2 times a month,Not at all,Not at all,1-2 times a week,"Yes, often"
29257,Not at all,1-2 times a week,1-2 times a month,Not at all,Not at all,Not at all,"Yes, sometimes"
23518,Not at all,1-2 times a month,1-2 times a month,Not at all,Not at all,Less than 1-2 times a month,No
80484,1-2 times a month,1-2 times a week,1-2 times a week,1-2 times a month,Not at all,Three times a week or more,No
49539,Not at all,Not at all,Not at all,Not at all,Not at all,Three times a week or more,"Yes, sometimes"
63904,Not at all,Not at all,Not at all,Not at all,Not at all,Three times a week or more,"Yes, sometimes"
82490,Not at all,1-2 times a week,1-2 times a week,Not at all,Not at all,Not at all,"Yes, sometimes"
20335,Not at all,1-2 times a month,Less than 1-2 times a month,Not at all,Not at all,1-2 times a week,No
35031,Not at all,Three times a week or more,1-2 times a week,Not at all,Not at all,1-2 times a month,No
88185,Not at all,Not at all,Not at all,Not at all,Not at all,Not at all,"Yes, often"
35344,Not at all,1-2 times a week,1-2 times a week,Not at all,Not at all,Three times a week or more,No
31175,Not at all,Less than 1-2 times a month,Less than 1-2 times a month,Not at all,Not at all,1-2 times a week,No
41167,Not at all,Not at all,Not at all,Not at all,Not at all,Less than 1-2 times a month,No
98325,Not at all,1-2 times a week,1-2 times a week,Less than 1-2 times a month,Not at all,Three times a week or more,No
36963,Not at all,1-2 times a month,1-2 times a week,Not at all,Not at all,Not at all,No
50666,Not at all,Not at all,Not at all,Not at all,Not at all,1-2 times a month,No
98624,Not at all,Not at all,Not at all,Not at all,Not at all,Three times a week or more,I do not exercise
42617,Not at all,1-2 times a week,1-2 times a week,Not at all,Not at all,1-2 times a week,No
58793,Not at all,1-2 times a month,1-2 times a month,Not at all,Not at all,1-2 times a week,No
25125,Not at all,1-2 times a week,1-2 times a week,Less than 1-2 times a month,Not at all,Three times a week or more,No
25548,Not at all,1-2 times a week,1-2 times a month,Not at all,Not at all,Three times a week or more,No
25966,Not at all,Less than 1-2 times a month,1-2 times a month,Not at all,Not at all,Three times a week or more,"Yes, often"
95444,Not at all,Not at all,1-2 times a month,Not at all,Not at all,Three times a week or more,No
96689,Not at all,Not at all,Not at all,Not at all,Not at all,Three times a week or more,No
22587,Not at all,1-2 times a month,1-2 times a month,Not at all,Not at all,1-2 times a month,No
43581,Not at all,1-2 times a week,1-2 times a week,Not at all,Not at all,Not at all,No
75578,Not at all,Not at all,Not at all,Not at all,Not at all,Not at all,No
43507,Not at all,Not at all,1-2 times a week,Not at all,Not at all,Three times a week or more,No
91551,Not at all,1-2 times a week,1-2 times a week,Not at all,Not at all,Three times a week or more,"Yes, sometimes"
30676,Not at all,Not at all,1-2 times a week,Not at all,Not at all,Three times a week or more,No
19030,Less than 1-2 times a month,1-2 times a week,1-2 times a week,Not at all,Not at all,1-2 times a week,"Yes, often"
33657,Not at all,1-2 times a month,1-2 times a month,Not at all,Not at all,Three times a week or more,"Yes, sometimes"
76521,Not at all,Not at all,1-2 times a week,Not at all,Not at all,Three times a week or more,No
52848,Not at all,1-2 times a week,1-2 times a month,Not at all,Not at all,1-2 times a month,"Yes, sometimes"
40231,Not at all,Not at all,1-2 times a week,Not at all,Not at all,Three times a week or more,No
65656,Not at all,Not at all,Not at all,Not at all,Not at all,Not at all,"Yes, sometimes"
30610,Not at all,Less than 1-2 times a month,Less than 1-2 times a month,Not at all,Not at all,Less than 1-2 times a month,No
36117,Not at all,Less than 1-2 times a month,1-2 times a month,Not at all,Not at all,Three times a week or more,"Yes, sometimes"
82587,Not at all,Less than 1-2 times a month,1-2 times a month,Not at all,Not at all,1-2 times a month,No
14690,Less than 1-2 times a month,1-2 times a month,Three times a week or more,Not at all,1-2 times a month,Three times a week or more,No
40569,Not at all,Not at all,1-2 times a week,Not at all,Not at all,Three times a week or more,No
97021,Not at all,1-2 times a month,1-2 times a month,Not at all,Not at all,Three times a week or more,No
26320,Not at all,Not at all,1-2 times a week,Not at all,Not at all,1-2 times a week,No
77532,Not at all,Not at all,Not at all,Not at all,Not at all,Three times a week or more,No
92515,Not at all,1-2 times a week,1-2 times a month,Not at all,Not at all,1-2 times a week,No
97844,Not at all,1-2 times a month,1-2 times a month,Not at all,Not at all,1-2 times a week,No
81647,Not at all,1-2 times a month,1-2 times a month,Not at all,Not at all,Less than 1-2 times a month,No
33127,Not at all,Not at all,1-2 times a week,Not at all,Not at all,Three times a week or more,No
45958,Not at all,Not at all,Not at all,Not at all,Not at all,Not at all,"Yes, often"
49790,Not at all,Less than 1-2 times a month,1-2 times a week,Not at all,Not at all,1-2 times a week,"Yes, often"
74251,Not at all,Not at all,1-2 times a week,Not at all,Not at all,Three times a week or more,No
28326,Less than 1-2 times a month,1-2 times a week,1-2 times a week,1-2 times a month,Not at all,1-2 times a week,No
20507,Not at all,Three times a week or more,Three times a week or more,Not at all,Not at all,Three times a week or more,"Yes, sometimes"
71592,Not at all,Not at all,Not at all,Not at all,Not at all,Not at all,"Yes, sometimes"
15181,Not at all,1-2 times a week,1-2 times a week,Not at all,Not at all,1-2 times a week,No
70209,Not at all,Less than 1-2 times a month,Not at all,Not at all,Not at all,1-2 times a week,"Yes, often"
78657,Not at all,1-2 times a week,1-2 times a week,Not at all,Not at all,Not at all,No
21887,Not at all,1-2 times a week,1-2 times a week,Less than 1-2 times a month,Not at all,Not at all,No
48154,Not at all,1-2 times a month,1-2 times a week,Not at all,Not at all,Not at all,No
92953,Three times a week or more,Three times a week or more,Three times a week or more,Not at all,Not at all,Three times a week or more,No
90192,Not at all,Less than 1-2 times a month,Not at all,Not at all,Not at all,Three times a week or more,"Yes, often"
51495,Not at all,Not at all,Not at all,Not at all,Not at all,Three times a week or more,No
34344,Not at all,Not at all,Less than 1-2 times a month,Not at all,Not at all,1-2 times a week,No
21793,Not at all,Less than 1-2 times a month,1-2 times a week,Not at all,Not at all,1-2 times a week,No
37218,Not at all,Not at all,Not at all,Not at all,Not at all,1-2 times a week,No
17932,Not at all,Not at all,Not at all,Not at all,Not at all,Less than 1-2 times a month,"Yes, sometimes"
95026,1-2 times a month,1-2 times a week,1-2 times a week,1-2 times a month,Less than 1-2 times a month,1-2 times a month,No
66800,Not at all,Not at all,1-2 times a week,Not at all,Not at all,Three times a week or more,No
73693,Not at all,Not at all,1-2 times a week,Not at all,Not at all,Three times a week or more,No
80429,Not at all,Not at all,1-2 times a week,Not at all,Not at all,Not at all,No
75149,Not at all,1-2 times a week,1-2 times a week,Not at all,Not at all,Three times a week or more,No
61659,Not at all,Not at all,Not at all,Not at all,Not at all,Three times a week or more,No
81420,1-2 times a month,1-2 times a week,1-2 times a month,Not at all,Not at all,Not at all,No
33740,Less than 1-2 times a month,1-2 times a week,1-2 times a week,Less than 1-2 times a month,Not at all,Three times a week or more,No
37979,Not at all,1-2 times a month,Not at all,Not at all,Not at all,1-2 times a month,No
87192,Not at all,1-2 times a week,1-2 times a week,Three times a week or more,Less than 1-2 times a month,Three times a week or more,No
67709,Not at all,Not at all,Not at all,Not at all,Not at all,Not at all,No
36552,Not at all,Not at all,1-2 times a month,Not at all,Not at all,1-2 times a week,No
14301,Not at all,Not at all,Not at all,Not at all,Not at all,Less than 1-2 times a month,No
36384,Not at all,Not at all,Not at all,Not at all,Not at all,1-2 times a month,No
63138,Not at all,1-2 times a month,1-2 times a month,Not at all,Not at all,Less than 1-2 times a month,No
51298,1-2 times a month,1-2 times a week,1-2 times a month,Not at all,Not at all,1-2 times a week,No
74632,Not at all,Not at all,Not at all,Not at all,Not at all,1-2 times a month,No
16654,Not at all,1-2 times a week,1-2 times a month,Not at all,Not at all,1-2 times a week,"Yes, sometimes"
54394,Not at all,1-2 times a week,1-2 times a month,Not at all,Not at all,1-2 times a week,No
84768,Not at all,Not at all,1-2 times a week,Not at all,Not at all,Three times a week or more,No
29134,Not at all,1-2 times a week,1-2 times a week,Not at all,Not at all,1-2 times a week,No
24029,Not at all,Not at all,Not at all,Not at all,Not at all,Not at all,"Yes, often"
35361,Not at all,Not at all,Not at all,Not at all,Not at all,Three times a week or more,"Yes, sometimes"
87056,Less than 1-2 times a month,1-2 times a month,1-2 times a month,Not at all,Not at all,Three times a week or more,No
49086,Not at all,1-2 times a month,1-2 times a week,Not at all,Not at all,Not at all,I do not exercise
67917,Not at all,Not at all,1-2 times a week,Not at all,Not at all,Three times a week or more,No
85503,Not at all,1-2 times a week,1-2 times a week,Not at all,Not at all,1-2 times a month,No
60008,Not at all,1-2 times a week,1-2 times a week,Not at all,Not at all,1-2 times a week,No
66542,Not at all,Not at all,Not at all,Not at all,Not at all,Not at all,No
55881,Less than 1-2 times a month,Three times a week or more,Three times a week or more,Not at all,Not at all,1-2 times a week,No
86265,Not at all,Not at all,Less than 1-2 times a month,Not at all,Not at all,1-2 times a month,No
10732,Not at all,1-2 times a week,1-2 times a week,Not at all,Not at all,Three times a week or more,No
22119,Not at all,1-2 times a week,1-2 times a week,Not at all,Not at all,Three times a week or more,No
50797,Not at all,Not at all,Not at all,Not at all,Not at all,Not at all,No
39564,Not at all,1-2 times a week,1-2 times a month,Not at all,Not at all,Not at all,No
39285,Not at all,1-2 times a week,1-2 times a week,Not at all,Not at all,Not at all,No
22460,Not at all,1-2 times a week,1-2 times a week,Not at all,Not at all,1-2 times a week,"Yes, sometimes"
25172,Not at all,1-2 times a month,1-2 times a week,Not at all,Not at all,Not at all,No
77134,Not at all,Less than 1-2 times a month,1-2 times a month,Not at all,Not at all,Three times a week or more,No
22143,Not at all,1-2 times a month,1-2 times a month,Not at all,Not at all,1-2 times a week,No
93766,Less than 1-2 times a month,1-2 times a week,1-2 times a month,Not at all,Not at all,Not at all,No
45097,Not at all,Not at all,Not at all,Not at all,Not at all,Less than 1-2 times a month,"Yes, often"
26289,Not at all,Not at all,1-2 times a week,Not at all,Not at all,Three times a week or more,No
95490,Less than 1-2 times a month,1-2 times a week,1-2 times a week,Less than 1-2 times a month,Not at all,1-2 times a week,"Yes, often"
66979,Three times a week or more,Not at all,1-2 times a week,Three times a week or more,Not at all,Three times a week or more,I do not exercise
23253,Not at all,Less than 1-2 times a month,Less than 1-2 times a month,Not at all,Not at all,Three times a week or more,No
12900,Not at all,1-2 times a week,1-2 times a week,Not at all,Not at all,Three times a week or more,No
90079,Not at all,Not at all,Not at all,Not at all,Not at all,Less than 1-2 times a month,"Yes, sometimes"
47584,Not at all,Three times a week or more,Three times a week or more,Not at all,Not at all,1-2 times a week,No
97990,Not at all,Not at all,Not at all,Not at all,Not at all,Not at all,"Yes, sometimes"
39248,Not at all,Not at all,1-2 times a week,Not at all,Not at all,Three times a week or more,No
29354,Not at all,Not at all,1-2 times a week,Not at all,Not at all,Three times a week or more,No
25743,Not at all,Not at all,1-2 times a week,Not at all,Not at all,Three times a week or more,No
91429,Not at all,Less than 1-2 times a month,1-2 times a month,Not at all,Not at all,Three times a week or more,No
82269,Not at all,1-2 times a week,1-2 times a week,Not at all,Not at all,Three times a week or more,"Yes, sometimes"
22842,Not at all,Not at all,1-2 times a month,Not at all,Not at all,Less than 1-2 times a month,No
31311,Not at all,Not at all,Not at all,Not at all,Not at all,Not at all,No
32423,Not at all,Not at all,1-2 times a week,Not at all,Not at all,Three times a week or more,No
33084,Not at all,Not at all,Not at all,Not at all,Not at all,1-2 times a month,No
14279,Not at all,Less than 1-2 times a month,1-2 times a week,Not at all,Not at all,Not at all,No
91932,Not at all,1-2 times a week,1-2 times a week,Not at all,Not at all,Three times a week or more,"Yes, often"
32404,Not at all,1-2 times a week,1-2 times a week,Not at all,Not at all,1-2 times a week,No
73577,Not at all,Not at all,Not at all,Not at all,Not at all,Not at all,No
70561,Not at all,Less than 1-2 times a month,1-2 times a week,Not at all,Not at all,1-2 times a week,No
43177,Not at all,1-2 times a month,Less than 1-2 times a month,Not at all,Not at all,1-2 times a month,No
36501,Not at all,Less than 1-2 times a month,1-2 times a week,Not at all,Not at all,1-2 times a week,No
26857,Not at all,1-2 times a week,1-2 times a week,Not at all,Not at all,Three times a week or more,No
28327,Not at all,1-2 times a week,1-2 times a week,Less than 1-2 times a month,Not at all,Three times a week or more,No
42674,Less than 1-2 times a month,1-2 times a week,1-2 times a week,Not at all,Not at all,Three times a week or more,No
79897,Not at all,1-2 times a month,1-2 times a month,Not at all,Not at all,Not at all,No
64978,Not at all,Not at all,1-2 times a week,Not at all,Not at all,Not at all,No
70434,Not at all,Less than 1-2 times a month,1-2 times a week,Not at all,Not at all,Three times a week or more,No
52302,Not at all,1-2 times a month,1-2 times a month,Not at all,Not at all,Less than 1-2 times a month,No
97050,Not at all,Less than 1-2 times a month,1-2 times a week,Not at all,Not at all,Three times a week or more,No
46418,Not at all,1-2 times a week,1-2 times a week,Not at all,Not at all,Less than 1-2 times a month,No
86691,Not at all,Not at all,Not at all,Not at all,Not at all,1-2 times a month,No
93002,Not at all,Less than 1-2 times a month,Less than 1-2 times a month,Not at all,Less than 1-2 times a month,1-2 times a week,No
81930,Not at all,Not at all,1-2 times a week,Not at all,Not at all,Three times a week or more,No
56543,Not at all,Not at all,1-2 times a week,Not at all,Not at all,Three times a week or more,No
92618,Not at all,1-2 times a month,1-2 times a month,Not at all,Not at all,1-2 times a week,I do not exercise
17470,Not at all,1-2 times a month,1-2 times a month,Not at all,Not at all,1-2 times a week,No
74211,Not at all,1-2 times a week,1-2 times a week,Not at all,Not at all,Three times a week or more,"Yes, often"
35180,Not at all,Not at all,Not at all,Not at all,Not at all,Not at all,No
89142,Not at all,Less than 1-2 times a month,Less than 1-2 times a month,Not at all,Not at all,Less than 1-2 times a month,No
24898,Not at all,Less than 1-2 times a month,Less than 1-2 times a month,Not at all,Not at all,Three times a week or more,"Yes, sometimes"
74413,Not at all,Not at all,Not at all,Not at all,Not at all,Less than 1-2 times a month,No
38824,Not at all,Less than 1-2 times a month,1-2 times a month,Not at all,Not at all,Less than 1-2 times a month,No
51723,Not at all,Less than 1-2 times a month,Not at all,Not at all,Not at all,Less than 1-2 times a month,No
79352,Not at all,Not at all,Not at all,Not at all,Not at all,Less than 1-2 times a month,"Yes, sometimes"
30814,1-2 times a week,1-2 times a week,1-2 times a week,1-2 times a week,Not at all,Three times a week or more,No
90502,Not at all,Not at all,1-2 times a week,Not at all,Not at all,Three times a week or more,No
94456,Not at all,1-2 times a week,1-2 times a week,Not at all,Not at all,1-2 times a week,"Yes, sometimes"
70661,Not at all,Not at all,Not at all,Not at all,Not at all,Not at all,No
50976,Not at all,Less than 1-2 times a month,1-2 times a month,Not at all,Not at all,1-2 times a week,No
55533,Not at all,Less than 1-2 times a month,Less than 1-2 times a month,Not at all,Not at all,Not at all,"Yes, often"
12156,Not at all,1-2 times a week,1-2 times a week,Not at all,Less than 1-2 times a month,1-2 times a week,"Yes, sometimes"
76485,Not at all,1-2 times a month,1-2 times a month,Not at all,Not at all,1-2 times a week,No
33239,Less than 1-2 times a month,1-2 times a week,1-2 times a week,Less than 1-2 times a month,Less than 1-2 times a month,Less than 1-2 times a month,No
72570,Not at all,Not at all,Not at all,Not at all,Not at all,Three times a week or more,I do not exercise
67574,Not at all,1-2 times a week,1-2 times a week,Not at all,Not at all,Three times a week or more,"Yes, sometimes"
42231,Not at all,Less than 1-2 times a month,Not at all,Not at all,Not at all,Not at all,No
44639,Not at all,Not at all,Not at all,Not at all,Not at all,Three times a week or more,No
64072,Not at all,1-2 times a week,1-2 times a month,Not at all,Not at all,Three times a week or more,No
84960,Not at all,1-2 times a week,1-2 times a week,Not at all,Not at all,Not at all,No
43809,Not at all,1-2 times a week,1-2 times a week,Not at all,Not at all,Three times a week or more,No
27941,Not at all,Not at all,1-2 times a week,Not at all,Not at all,Three times a week or more,No
31033,Not at all,1-2 times a week,1-2 times a week,Not at all,Not at all,Three times a week or more,No
39301,Not at all,Not at all,Less than 1-2 times a month,Not at all,Not at all,1-2 times a week,No
10469,Not at all,Less than 1-2 times a month,1-2 times a month,Not at all,Not at all,1-2 times a month,No
77789,Not at all,Less than 1-2 times a month,1-2 times a month,Not at all,Not at all,Three times a week or more,"Yes, often"
47024,Not at all,1-2 times a week,1-2 times a week,Not at all,Not at all,Not at all,"Yes, sometimes"
88582,Not at all,Not at all,Not at all,Not at all,Not at all,Not at all,I do not exercise
73897,Not at all,1-2 times a week,Less than 1-2 times a month,Not at all,Not at all,1-2 times a month,No
83470,Not at all,1-2 times a week,1-2 times a week,Not at all,Not at all,1-2 times a month,"Yes, sometimes"
67015,Not at all,Not at all,1-2 times a week,Not at all,Not at all,Three times a week or more,No
26272,Not at all,Not at all,Not at all,Not at all,Not at all,Not at all,No
21909,Not at all,Not at all,1-2 times a week,Not at all,Not at all,Three times a week or more,No
88882,Not at all,1-2 times a week,1-2 times a week,Not at all,Not at all,1-2 times a week,No
62510,Not at all,1-2 times a week,1-2 times a week,Not at all,Not at all,Not at all,No
96828,Not at all,1-2 times a month,1-2 times a week,Not at all,Not at all,Less than 1-2 times a month,No
64406,Less than 1-2 times a month,1-2 times a month,1-2 times a month,Not at all,1-2 times a month,Less than 1-2 times a month,No
31985,Not at all,Not at all,Not at all,Not at all,Not at all,Not at all,No
91337,Not at all,1-2 times a week,1-2 times a week,Not at all,Not at all,1-2 times a week,"Yes, often"
87664,Not at all,Not at all,Not at all,Not at all,Not at all,Not at all,No
19245,Not at all,Three times a week or more,1-2 times a week,Less than 1-2 times a month,Not at all,Not at all,No
83748,Not at all,Not at all,Not at all,Not at all,Not at all,Three times a week or more,No
49915,Not at all,1-2 times a week,1-2 times a week,Not at all,Not at all,1-2 times a week,No
51865,1-2 times a month,1-2 times a week,Three times a week or more,1-2 times a month,Not at all,Less than 1-2 times a month,No
78407,Not at all,Not at all,Not at all,Not at all,Not at all,1-2 times a week,No
93787,Not at all,Not at all,Not at all,Not at all,Not at all,Three times a week or more,No
52621,Not at all,Not at all,1-2 times a week,Not at all,Not at all,Three times a week or more,No
38914,Not at all,Not at all,Not at all,Not at all,Not at all,Not at all,No
37594,Not at all,Not at all,Not at all,Not at all,Not at all,Not at all,No
19833,Not at all,Not at all,Not at all,Not at all,Not at all,Three times a week or more,I do not exercise
17270,Not at all,Not at all,Not at all,Not at all,Not at all,1-2 times a week,No
40864,Not at all,Not at all,Not at all,Not at all,Not at all,Three times a week or more,No
38313,Not at all,Not at all,1-2 times a week,Not at all,Not at all,Three times a week or more,No
55340,Not at all,Not at all,Not at all,Not at all,Not at all,Not at all,No
18707,Not at all,Not at all,Not at all,Not at all,Not at all,Three times a week or more,No
73807,Not at all,Not at all,1-2 times a week,Not at all,Not at all,Three times a week or more,No
26718,Not at all,1-2 times a week,1-2 times a week,Not at all,Not at all,Three times a week or more,"Yes, sometimes"
63347,Not at all,Less than 1-2 times a month,Less than 1-2 times a month,Not at all,Not at all,1-2 times a week,"Yes, often"
35824,Not at all,1-2 times a week,1-2 times a week,Not at all,Not at all,1-2 times a week,"Yes, sometimes"
48826,1-2 times a week,Three times a week or more,1-2 times a week,Not at all,Not at all,Less than 1-2 times a month,No
11454,Not at all,Three times a week or more,1-2 times a week,Not at all,Not at all,1-2 times a week,No
93246,Not at all,1-2 times a week,1-2 times a week,Not at all,Not at all,Three times a week or more,No
75341,Not at all,Not at all,Not at all,Not at all,Not at all,Three times a week or more,No
35925,Not at all,Not at all,Not at all,Not at all,Not at all,Not at all,No
