egoid,sexorientation_1,sexcontacttype_1,sexattracttype_1
44869,Heterosexual or straight,I have not had sexual contact,Only attracted to males?
43516,Heterosexual or straight,I have not had sexual contact,Only attracted to males?
89411,,,
74285,,,
56527,,,
16819,Heterosexual or straight,Men only,Only attracted to males?
34591,,,
89972,Heterosexual or straight,I have not had sexual contact,Only attracted to males?
92552,Heterosexual or straight,Women only,Only attracted to females?
73158,Heterosexual or straight,Women only,Only attracted to females?
45963,Heterosexual or straight,Men only,Only attracted to males?
22138,Heterosexual or straight,I have not had sexual contact,Not sure?
90136,Heterosexual or straight,Women only,Only attracted to females?
46744,Heterosexual or straight,Women only,Only attracted to females?
77941,,,
44873,,,
36540,Heterosexual or straight,I have not had sexual contact,Only attracted to females?
14527,,,
83005,,,
31439,Heterosexual or straight,Men only,Only attracted to males?
21899,,,
29232,Heterosexual or straight,Men only,Only attracted to males?
32249,,,
45375,Heterosexual or straight,Women only,Only attracted to females?
25536,Heterosexual or straight,I have not had sexual contact,Only attracted to males?
32037,Heterosexual or straight,Men only,Only attracted to males?
90476,,,
46558,Heterosexual or straight,Women only,Only attracted to females?
24016,,,
52277,Heterosexual or straight,I have not had sexual contact,Only attracted to males?
93699,Heterosexual or straight,I have not had sexual contact,Mostly attracted to males?
36875,,,
84011,Heterosexual or straight,I have not had sexual contact,Only attracted to males?
90646,,,
88008,Heterosexual or straight,Women only,Only attracted to females?
88967,Heterosexual or straight,Women only,Only attracted to females?
46701,Heterosexual or straight,I have not had sexual contact,Only attracted to females?
83566,Heterosexual or straight,I have not had sexual contact,Only attracted to males?
21090,Heterosexual or straight,I have not had sexual contact,Only attracted to males?
69419,,,
87032,Heterosexual or straight,Both men and women,Only attracted to males?
94641,Heterosexual or straight,Women only,Only attracted to females?
82728,Heterosexual or straight,I have not had sexual contact,Only attracted to males?
45076,Heterosexual or straight,Men only,Only attracted to males?
58437,Heterosexual or straight,Women only,Mostly attracted to females?
94862,,,
14606,,,
64075,,,
39787,Heterosexual or straight,I have not had sexual contact,Only attracted to males?
82376,Heterosexual or straight,Women only,Only attracted to females?
44872,Heterosexual or straight,Men only,Mostly attracted to males?
87783,Heterosexual or straight,Men only,Only attracted to males?
22199,,,
47498,Heterosexual or straight,Men only,Only attracted to males?
57325,,,
53776,Heterosexual or straight,Both men and women,Mostly attracted to females?
58633,Heterosexual or straight,I have not had sexual contact,Only attracted to males?
27306,Heterosexual or straight,I have not had sexual contact,Only attracted to males?
80607,Heterosexual or straight,I have not had sexual contact,Only attracted to females?
73143,Heterosexual or straight,I have not had sexual contact,Only attracted to females?
35797,Heterosexual or straight,I have not had sexual contact,Only attracted to males?
46365,Heterosexual or straight,Women only,Only attracted to females?
30596,Heterosexual or straight,I have not had sexual contact,Only attracted to females?
31045,Heterosexual or straight,Women only,Only attracted to females?
74492,,,
76791,,,
21348,Heterosexual or straight,I have not had sexual contact,Only attracted to males?
23287,,I have not had sexual contact,Only attracted to females?
14763,,,
22066,Heterosexual or straight,Women only,Only attracted to females?
64058,Bisexual,I have not had sexual contact,Mostly attracted to males?
28247,Heterosexual or straight,I have not had sexual contact,Only attracted to males?
72873,Heterosexual or straight,I have not had sexual contact,Only attracted to females?
67544,,,
76810,Heterosexual or straight,I have not had sexual contact,Not sure?
51760,,,
72806,Heterosexual or straight,I have not had sexual contact,Mostly attracted to males?
98766,Heterosexual or straight,Women only,Only attracted to females?
60997,,,
36038,Heterosexual or straight,Women only,Only attracted to females?
39146,Bisexual,I have not had sexual contact,Mostly attracted to males?
60963,Heterosexual or straight,Women only,Only attracted to females?
67918,Heterosexual or straight,I have not had sexual contact,Only attracted to females?
34467,Heterosexual or straight,I have not had sexual contact,Only attracted to males?
42132,Heterosexual or straight,Women only,Only attracted to females?
41268,,,
90692,,,
32668,Heterosexual or straight,Women only,Mostly attracted to females?
24079,Heterosexual or straight,Women only,Only attracted to females?
59673,Heterosexual or straight,I have not had sexual contact,Only attracted to males?
74899,Heterosexual or straight,I have not had sexual contact,Only attracted to females?
48891,Heterosexual or straight,Women only,Only attracted to females?
81807,Heterosexual or straight,Women only,Only attracted to females?
77187,Heterosexual or straight,Men only,Only attracted to males?
91176,Heterosexual or straight,I have not had sexual contact,Only attracted to females?
22292,,,
35011,Heterosexual or straight,I have not had sexual contact,Only attracted to males?
76785,Heterosexual or straight,I have not had sexual contact,Only attracted to males?
60903,Heterosexual or straight,I have not had sexual contact,Only attracted to males?
10115,,,
35416,Heterosexual or straight,I have not had sexual contact,Only attracted to females?
89710,Heterosexual or straight,Men only,Only attracted to males?
97596,Heterosexual or straight,I have not had sexual contact,Only attracted to males?
39129,Heterosexual or straight,,
57359,Heterosexual or straight,Men only,Mostly attracted to males?
17308,Heterosexual or straight,I have not had sexual contact,Mostly attracted to males?
51851,Heterosexual or straight,Women only,Only attracted to females?
35855,Heterosexual or straight,Women only,Only attracted to females?
67334,Heterosexual or straight,I have not had sexual contact,Only attracted to males?
60230,Heterosexual or straight,Women only,Only attracted to females?
77838,Heterosexual or straight,Men only,Only attracted to males?
37371,,,
57292,Heterosexual or straight,Men only,Only attracted to males?
66406,Heterosexual or straight,I have not had sexual contact,Only attracted to females?
90447,,,
56798,Heterosexual or straight,I have not had sexual contact,Mostly attracted to females?
28827,,,
23115,Heterosexual or straight,I have not had sexual contact,Only attracted to females?
77872,Heterosexual or straight,Women only,Only attracted to females?
43114,Heterosexual or straight,Men only,Only attracted to males?
72348,Heterosexual or straight,I have not had sexual contact,Only attracted to males?
15707,,,
45776,Heterosexual or straight,Women only,Only attracted to females?
63122,Heterosexual or straight,Women only,Only attracted to females?
27169,Heterosexual or straight,Women only,Only attracted to females?
89607,Heterosexual or straight,Women only,Only attracted to females?
59900,Heterosexual or straight,I have not had sexual contact,Only attracted to males?
28254,Heterosexual or straight,I have not had sexual contact,Only attracted to males?
56480,Heterosexual or straight,Women only,Only attracted to females?
11128,Heterosexual or straight,Women only,Only attracted to females?
47886,Heterosexual or straight,I have not had sexual contact,Only attracted to males?
28820,,,
35347,Heterosexual or straight,I have not had sexual contact,Only attracted to males?
45641,Heterosexual or straight,I have not had sexual contact,Only attracted to females?
25369,,,
64572,Heterosexual or straight,I have not had sexual contact,Only attracted to females?
31538,Heterosexual or straight,Men only,Only attracted to males?
73452,,,
51475,Heterosexual or straight,I have not had sexual contact,Only attracted to males?
28312,Heterosexual or straight,Women only,Only attracted to females?
13486,,,
56805,Heterosexual or straight,Women only,Only attracted to females?
57697,Heterosexual or straight,Men only,Only attracted to males?
54837,Heterosexual or straight,Women only,Only attracted to females?
29718,,,
26800,Heterosexual or straight,Women only,Only attracted to females?
60493,,,
52051,Heterosexual or straight,Men only,Only attracted to males?
30972,,,
47142,Heterosexual or straight,I have not had sexual contact,Only attracted to males?
69217,,,
69009,Heterosexual or straight,Men only,Only attracted to males?
84390,Heterosexual or straight,I have not had sexual contact,Only attracted to males?
74845,,,
90905,Heterosexual or straight,Women only,Only attracted to females?
39659,Heterosexual or straight,I have not had sexual contact,Only attracted to males?
62072,,,
60396,Heterosexual or straight,Women only,Only attracted to females?
61084,Heterosexual or straight,Men only,Only attracted to males?
92412,Heterosexual or straight,I have not had sexual contact,Only attracted to females?
92038,Heterosexual or straight,I have not had sexual contact,Only attracted to females?
33388,Heterosexual or straight,I have not had sexual contact,Only attracted to females?
31717,Heterosexual or straight,I have not had sexual contact,Mostly attracted to females?
18324,,,
86440,Heterosexual or straight,I have not had sexual contact,Only attracted to females?
95585,Heterosexual or straight,Women only,Only attracted to females?
29792,Heterosexual or straight,Women only,Only attracted to females?
14737,Heterosexual or straight,I have not had sexual contact,Only attracted to females?
28223,,,
85708,Heterosexual or straight,Women only,Only attracted to females?
55452,Heterosexual or straight,I have not had sexual contact,Only attracted to males?
20179,Heterosexual or straight,Men only,Mostly attracted to males?
78339,,,
23696,Heterosexual or straight,Women only,Only attracted to females?
28653,Heterosexual or straight,Women only,Only attracted to females?
84715,Heterosexual or straight,I have not had sexual contact,Only attracted to males?
95559,Heterosexual or straight,I have not had sexual contact,Only attracted to females?
30152,Heterosexual or straight,Men only,Mostly attracted to males?
68764,Heterosexual or straight,I have not had sexual contact,Only attracted to females?
60367,,,
36939,,,
59592,Heterosexual or straight,Men only,Only attracted to males?
22897,,,
89652,Heterosexual or straight,Men only,Only attracted to males?
28724,Heterosexual or straight,Men only,Only attracted to males?
92895,Heterosexual or straight,Men only,Only attracted to males?
69831,Heterosexual or straight,I have not had sexual contact,Only attracted to females?
59178,Heterosexual or straight,Men only,Only attracted to males?
50072,,,
44927,Heterosexual or straight,I have not had sexual contact,Only attracted to males?
71894,Heterosexual or straight,I have not had sexual contact,Only attracted to males?
76790,,,
78428,,,
66676,,,
95930,,,
70962,,,
12738,Bisexual,Women only,Mostly attracted to females?
29647,,,
27111,Heterosexual or straight,I have not had sexual contact,Only attracted to males?
30453,Heterosexual or straight,I have not had sexual contact,Only attracted to males?
58219,,,
28377,,,
80177,Heterosexual or straight,Women only,Only attracted to females?
18677,,,
66047,Other,Both men and women,Equally attracted to females and males?
58682,,,
81199,,,
85679,Heterosexual or straight,Men only,Only attracted to females?
79834,Heterosexual or straight,I have not had sexual contact,Only attracted to females?
93471,Heterosexual or straight,Men only,Only attracted to males?
19538,Heterosexual or straight,I have not had sexual contact,Only attracted to males?
14595,,,
38052,,,
33133,Heterosexual or straight,Men only,Only attracted to males?
40021,,,
27141,Heterosexual or straight,Men only,Only attracted to males?
93858,Heterosexual or straight,I have not had sexual contact,Only attracted to males?
47810,Heterosexual or straight,Men only,Only attracted to males?
58196,Heterosexual or straight,Men only,Only attracted to males?
42773,Heterosexual or straight,Women only,Only attracted to females?
72152,Heterosexual or straight,Men only,Mostly attracted to males?
76663,,,
48224,Heterosexual or straight,I have not had sexual contact,Only attracted to males?
30137,,,
68318,,,
62246,Heterosexual or straight,Women only,Only attracted to females?
69496,Bisexual,Both men and women,Mostly attracted to males?
61028,,,
55424,Heterosexual or straight,I have not had sexual contact,Only attracted to males?
17581,Heterosexual or straight,Men only,Only attracted to males?
23576,Heterosexual or straight,I have not had sexual contact,Only attracted to females?
57842,,,
17522,,,
55685,,,
74079,,,
97833,Heterosexual or straight,Women only,Only attracted to females?
11992,,,
93485,Heterosexual or straight,I have not had sexual contact,Only attracted to females?
34402,Heterosexual or straight,Women only,Only attracted to females?
62617,Heterosexual or straight,Men only,Only attracted to males?
42137,Heterosexual or straight,I have not had sexual contact,Mostly attracted to males?
37305,Heterosexual or straight,Men only,Mostly attracted to males?
48013,,,
44447,Heterosexual or straight,I have not had sexual contact,Only attracted to males?
14571,Heterosexual or straight,I have not had sexual contact,Only attracted to females?
69057,Heterosexual or straight,I have not had sexual contact,Only attracted to females?
49125,,,
66629,Heterosexual or straight,,
83542,Heterosexual or straight,Men only,Only attracted to males?
18222,,,
39738,Heterosexual or straight,Men only,Only attracted to males?
26858,Heterosexual or straight,Men only,Only attracted to males?
70552,,,
38826,,,
93504,,,
64232,Heterosexual or straight,Men only,Only attracted to males?
37404,Heterosexual or straight,Men only,Only attracted to males?
25961,Heterosexual or straight,Men only,Only attracted to males?
87330,,,
92028,Heterosexual or straight,Men only,Only attracted to males?
82248,,,
28824,Heterosexual or straight,I have not had sexual contact,Only attracted to males?
11482,Heterosexual or straight,Both men and women,Mostly attracted to males?
69936,Heterosexual or straight,I have not had sexual contact,Only attracted to females?
91320,,,
37001,,,
70492,Heterosexual or straight,I have not had sexual contact,Mostly attracted to females?
95543,Heterosexual or straight,I have not had sexual contact,Only attracted to females?
21380,,,
67106,Heterosexual or straight,I have not had sexual contact,Only attracted to females?
25495,Heterosexual or straight,Women only,Only attracted to females?
26581,Heterosexual or straight,Men only,Only attracted to males?
66642,Heterosexual or straight,Women only,Only attracted to females?
83612,Heterosexual or straight,I have not had sexual contact,Only attracted to males?
63954,,,
20665,Heterosexual or straight,I have not had sexual contact,Only attracted to females?
19122,Heterosexual or straight,Women only,Only attracted to females?
99978,Heterosexual or straight,I have not had sexual contact,Only attracted to females?
92566,Heterosexual or straight,I have not had sexual contact,Mostly attracted to females?
39414,Heterosexual or straight,I have not had sexual contact,Only attracted to males?
35987,Heterosexual or straight,I have not had sexual contact,Only attracted to females?
66655,Heterosexual or straight,Men only,Only attracted to males?
10547,Heterosexual or straight,Women only,Mostly attracted to females?
46373,Heterosexual or straight,Women only,Only attracted to females?
79341,Heterosexual or straight,I have not had sexual contact,Only attracted to females?
19591,,,
83536,Heterosexual or straight,Men only,Only attracted to males?
66682,Heterosexual or straight,Women only,Only attracted to females?
88337,Heterosexual or straight,Women only,Only attracted to females?
67608,Heterosexual or straight,I have not had sexual contact,Only attracted to females?
19735,Heterosexual or straight,Women only,Only attracted to females?
42513,Heterosexual or straight,Women only,Only attracted to females?
64595,Heterosexual or straight,Women only,Only attracted to females?
85134,,,
51952,Heterosexual or straight,Women only,Only attracted to females?
28837,Heterosexual or straight,I have not had sexual contact,Only attracted to females?
46266,Heterosexual or straight,I have not had sexual contact,Only attracted to males?
61289,Heterosexual or straight,I have not had sexual contact,Not sure?
18743,Heterosexual or straight,Women only,Only attracted to females?
13647,,,
59207,Heterosexual or straight,Women only,Only attracted to females?
48946,Heterosexual or straight,Women only,Only attracted to females?
86083,,,
96613,Heterosexual or straight,Women only,Only attracted to females?
49014,,,
50766,Heterosexual or straight,Women only,Only attracted to females?
71089,Heterosexual or straight,I have not had sexual contact,Mostly attracted to females?
80980,Heterosexual or straight,I have not had sexual contact,Mostly attracted to females?
29115,Heterosexual or straight,Women only,Only attracted to females?
98462,Heterosexual or straight,I have not had sexual contact,Only attracted to females?
94455,Heterosexual or straight,Women only,Only attracted to females?
11148,Heterosexual or straight,Women only,Only attracted to females?
88384,Heterosexual or straight,Men only,Mostly attracted to males?
60904,,,
64302,Heterosexual or straight,I have not had sexual contact,Only attracted to females?
51882,,,
54200,,,
22688,Heterosexual or straight,Women only,Only attracted to females?
38815,Heterosexual or straight,I have not had sexual contact,Only attracted to females?
34525,Heterosexual or straight,Women only,Only attracted to females?
68404,,,
71836,Heterosexual or straight,Women only,Only attracted to females?
12748,Heterosexual or straight,I have not had sexual contact,Only attracted to males?
33445,,,
83078,Bisexual,Both men and women,Not sure?
72160,Heterosexual or straight,I have not had sexual contact,Only attracted to females?
55569,,,
72885,Bisexual,Women only,Mostly attracted to females?
47006,Heterosexual or straight,I have not had sexual contact,Only attracted to males?
36574,Heterosexual or straight,Women only,Only attracted to females?
71193,Heterosexual or straight,I have not had sexual contact,Only attracted to females?
44070,,,
49010,Heterosexual or straight,Women only,Only attracted to females?
98760,Heterosexual or straight,I have not had sexual contact,Only attracted to females?
95374,Heterosexual or straight,I have not had sexual contact,Only attracted to females?
71985,Heterosexual or straight,I have not had sexual contact,Only attracted to females?
43125,Heterosexual or straight,I have not had sexual contact,Only attracted to females?
98117,Heterosexual or straight,Women only,Only attracted to females?
22989,,,
24883,Heterosexual or straight,Both men and women,Only attracted to females?
20650,,,
19460,Heterosexual or straight,I have not had sexual contact,Only attracted to females?
66815,Heterosexual or straight,I have not had sexual contact,Only attracted to females?
89161,Heterosexual or straight,I have not had sexual contact,Only attracted to males?
54956,,,
14847,Bisexual,Men only,Equally attracted to females and males?
85453,,,
19827,,,
31121,,,
38683,Heterosexual or straight,Women only,Only attracted to females?
82918,Heterosexual or straight,Men only,Only attracted to males?
43382,Heterosexual or straight,Women only,Only attracted to females?
44344,,,
94215,,,
80675,Gay or lesbian,Men only,Only attracted to males?
57144,,,
94662,,,
98700,Heterosexual or straight,Men only,Only attracted to males?
44675,Heterosexual or straight,I have not had sexual contact,Mostly attracted to males?
33341,Heterosexual or straight,Men only,Only attracted to males?
37396,,,
65072,Heterosexual or straight,Women only,Only attracted to females?
37148,Heterosexual or straight,Women only,Not sure?
11910,Heterosexual or straight,Men only,Only attracted to males?
75438,Heterosexual or straight,Men only,Only attracted to males?
99733,Heterosexual or straight,Men only,Only attracted to males?
27407,Heterosexual or straight,I have not had sexual contact,Only attracted to females?
14250,Heterosexual or straight,I have not had sexual contact,Only attracted to males?
43794,Heterosexual or straight,Men only,Only attracted to males?
73918,Heterosexual or straight,Men only,Only attracted to males?
60216,Heterosexual or straight,Women only,Only attracted to females?
28681,,,
51437,Heterosexual or straight,I have not had sexual contact,Only attracted to males?
21932,Heterosexual or straight,I have not had sexual contact,Only attracted to females?
29733,Heterosexual or straight,Men only,Only attracted to males?
98206,,,
36385,Heterosexual or straight,I have not had sexual contact,Only attracted to males?
26651,Heterosexual or straight,Women only,Only attracted to females?
54030,Heterosexual or straight,I have not had sexual contact,Only attracted to males?
67993,Heterosexual or straight,Men only,Only attracted to males?
96543,Heterosexual or straight,I have not had sexual contact,Only attracted to females?
49800,,,
29296,,,
11002,Heterosexual or straight,Women only,Only attracted to females?
72850,,,
15134,Heterosexual or straight,Men only,Only attracted to males?
69124,Heterosexual or straight,Women only,Only attracted to females?
42531,,,
34062,Heterosexual or straight,Men only,Only attracted to males?
18111,Heterosexual or straight,I have not had sexual contact,Only attracted to males?
42646,,,
63922,Heterosexual or straight,I have not had sexual contact,Only attracted to males?
59097,Heterosexual or straight,I have not had sexual contact,Only attracted to females?
72912,Heterosexual or straight,Men only,Only attracted to males?
91484,Heterosexual or straight,Men only,Only attracted to males?
24833,Heterosexual or straight,Men only,Only attracted to males?
21971,,,
58654,,,
13928,Heterosexual or straight,Men only,Only attracted to males?
84502,Heterosexual or straight,I have not had sexual contact,Only attracted to males?
64090,Heterosexual or straight,Men only,Only attracted to males?
52123,,,
78783,Heterosexual or straight,Women only,Only attracted to females?
25197,Heterosexual or straight,I have not had sexual contact,Mostly attracted to females?
35872,Heterosexual or straight,,Only attracted to females?
93462,,,
23270,Heterosexual or straight,I have not had sexual contact,Only attracted to males?
69807,,,
92716,Heterosexual or straight,Women only,Only attracted to females?
66061,Heterosexual or straight,Men only,Only attracted to females?
56058,Heterosexual or straight,I have not had sexual contact,Only attracted to females?
57854,Heterosexual or straight,I have not had sexual contact,Only attracted to males?
68679,Heterosexual or straight,Women only,Only attracted to females?
90750,Heterosexual or straight,Men only,Only attracted to males?
70125,Heterosexual or straight,Men only,Only attracted to males?
67192,Heterosexual or straight,I have not had sexual contact,Only attracted to males?
12029,,,
70745,,,
43255,,,
93856,,,
10237,Heterosexual or straight,Men only,Mostly attracted to males?
97448,Gay or lesbian,Men only,Only attracted to males?
43603,,,
86974,,,
89165,,,
97280,Heterosexual or straight,Women only,Only attracted to females?
54098,,,
66156,,,
67177,Heterosexual or straight,Men only,Only attracted to males?
22540,,,
70668,,,
15586,Bisexual,Both men and women,Equally attracted to females and males?
27232,,,
18611,Heterosexual or straight,Men only,Only attracted to males?
87328,Heterosexual or straight,I have not had sexual contact,Only attracted to females?
88963,Heterosexual or straight,Women only,Only attracted to females?
61756,,,
57045,,,
49497,Heterosexual or straight,Men only,Only attracted to males?
15031,Heterosexual or straight,Men only,Only attracted to males?
79607,Bisexual,Both men and women,Equally attracted to females and males?
41952,,,
17183,,,
22408,Heterosexual or straight,I have not had sexual contact,Only attracted to females?
54435,,,
38554,,,
38293,Heterosexual or straight,Men only,Mostly attracted to males?
33785,Gay or lesbian,Men only,Only attracted to males?
44310,,,
33009,Heterosexual or straight,I have not had sexual contact,Only attracted to males?
31294,Heterosexual or straight,I have not had sexual contact,Only attracted to males?
65143,Heterosexual or straight,I have not had sexual contact,Only attracted to males?
91726,Heterosexual or straight,I have not had sexual contact,Only attracted to females?
59355,Heterosexual or straight,I have not had sexual contact,Only attracted to males?
96184,Heterosexual or straight,Men only,Only attracted to males?
92339,,,
70005,,,
64157,,,
68050,Heterosexual or straight,Men only,Mostly attracted to males?
46151,Heterosexual or straight,Women only,Only attracted to females?
79395,Heterosexual or straight,Women only,Only attracted to females?
59863,Heterosexual or straight,Women only,Only attracted to females?
63419,Heterosexual or straight,I have not had sexual contact,Only attracted to males?
22913,Heterosexual or straight,Women only,Only attracted to females?
91313,,,
14511,,,
73962,,,
48969,Heterosexual or straight,Men only,Only attracted to males?
22093,Heterosexual or straight,Women only,Mostly attracted to females?
32919,Heterosexual or straight,Women only,Only attracted to females?
10153,,,
79731,Heterosexual or straight,I have not had sexual contact,Mostly attracted to males?
63611,,,
64296,Heterosexual or straight,I have not had sexual contact,Only attracted to females?
23487,,,Mostly attracted to males?
17569,Heterosexual or straight,I have not had sexual contact,Only attracted to females?
77036,Heterosexual or straight,I have not had sexual contact,Only attracted to males?
53518,,,
92340,,,
37485,Heterosexual or straight,Men only,Only attracted to males?
33953,,,
53333,Heterosexual or straight,Women only,Only attracted to females?
82986,Heterosexual or straight,I have not had sexual contact,Only attracted to males?
61772,Heterosexual or straight,Women only,Only attracted to females?
47280,Heterosexual or straight,Women only,Only attracted to females?
70566,Heterosexual or straight,Men only,Only attracted to males?
82964,Bisexual,I have not had sexual contact,Mostly attracted to males?
11402,Heterosexual or straight,Women only,Only attracted to females?
38610,Heterosexual or straight,Men only,Only attracted to males?
96610,Heterosexual or straight,I have not had sexual contact,Only attracted to males?
77711,Heterosexual or straight,I have not had sexual contact,Only attracted to females?
48505,,,
78667,Heterosexual or straight,Women only,Only attracted to females?
17020,Heterosexual or straight,Women only,Only attracted to females?
48676,,,
29885,Heterosexual or straight,I have not had sexual contact,Only attracted to females?
32976,,,
79167,Heterosexual or straight,Men only,Only attracted to males?
65061,Heterosexual or straight,Men only,Mostly attracted to males?
43710,,,
61389,,,
22455,Heterosexual or straight,I have not had sexual contact,Only attracted to males?
82819,Heterosexual or straight,Women only,Only attracted to females?
67771,Heterosexual or straight,Women only,Only attracted to females?
57443,Heterosexual or straight,,Only attracted to males?
96469,,,
94579,,,
29257,Heterosexual or straight,Women only,Only attracted to females?
23518,Heterosexual or straight,I have not had sexual contact,Only attracted to males?
80484,Heterosexual or straight,Women only,Mostly attracted to females?
49539,Heterosexual or straight,I have not had sexual contact,Only attracted to females?
63904,Heterosexual or straight,I have not had sexual contact,Only attracted to males?
82490,Heterosexual or straight,I have not had sexual contact,Only attracted to females?
20335,Heterosexual or straight,Women only,Only attracted to females?
35031,Heterosexual or straight,I have not had sexual contact,Only attracted to males?
88185,Heterosexual or straight,I have not had sexual contact,Only attracted to males?
35344,Heterosexual or straight,Men only,Only attracted to males?
31175,Heterosexual or straight,I have not had sexual contact,Only attracted to males?
41167,Heterosexual or straight,Men only,Mostly attracted to males?
98325,Heterosexual or straight,I have not had sexual contact,Only attracted to males?
36963,Heterosexual or straight,I have not had sexual contact,Only attracted to males?
50666,,,
98624,Heterosexual or straight,I have not had sexual contact,Only attracted to males?
42617,,,
58793,Heterosexual or straight,Men only,Mostly attracted to males?
25125,,,
25548,Other,Both men and women,Mostly attracted to males?
25966,Heterosexual or straight,I have not had sexual contact,Mostly attracted to males?
95444,,,
96689,Heterosexual or straight,I have not had sexual contact,Only attracted to males?
22587,Heterosexual or straight,Women only,Only attracted to females?
43581,,,
75578,Heterosexual or straight,I have not had sexual contact,Only attracted to males?
43507,Heterosexual or straight,I have not had sexual contact,Only attracted to males?
91551,Heterosexual or straight,I have not had sexual contact,Only attracted to females?
30676,Other,Men only,Equally attracted to females and males?
19030,Heterosexual or straight,Women only,Only attracted to females?
33657,Heterosexual or straight,I have not had sexual contact,Only attracted to males?
76521,Heterosexual or straight,Women only,Only attracted to females?
52848,Heterosexual or straight,Women only,Only attracted to females?
40231,Heterosexual or straight,I have not had sexual contact,Mostly attracted to females?
65656,Heterosexual or straight,I have not had sexual contact,Only attracted to females?
30610,,,
36117,Heterosexual or straight,Women only,Only attracted to females?
82587,,,
14690,,,
40569,Heterosexual or straight,Women only,Only attracted to females?
97021,,,
26320,Heterosexual or straight,Men only,Mostly attracted to males?
77532,,,
92515,Heterosexual or straight,Women only,Only attracted to females?
97844,,,
81647,,,
33127,Heterosexual or straight,Women only,Only attracted to females?
45958,Heterosexual or straight,I have not had sexual contact,Only attracted to males?
49790,Heterosexual or straight,I have not had sexual contact,Only attracted to males?
74251,Heterosexual or straight,Men only,Only attracted to males?
28326,Heterosexual or straight,Women only,Only attracted to females?
20507,Heterosexual or straight,Women only,Only attracted to females?
71592,Heterosexual or straight,I have not had sexual contact,Only attracted to females?
15181,,,
70209,Heterosexual or straight,I have not had sexual contact,Only attracted to females?
78657,Heterosexual or straight,Women only,Only attracted to females?
21887,Heterosexual or straight,Women only,Only attracted to females?
48154,Heterosexual or straight,Men only,Only attracted to males?
92953,,,
90192,Heterosexual or straight,Women only,Only attracted to females?
51495,,,
34344,Heterosexual or straight,Men only,Only attracted to males?
21793,Heterosexual or straight,Women only,Only attracted to females?
37218,Heterosexual or straight,I have not had sexual contact,Not sure?
17932,Heterosexual or straight,I have not had sexual contact,Only attracted to females?
95026,,,
66800,Heterosexual or straight,Women only,Only attracted to females?
73693,Heterosexual or straight,Women only,Only attracted to females?
80429,,,
75149,Heterosexual or straight,I have not had sexual contact,Mostly attracted to males?
61659,,,
81420,Heterosexual or straight,Women only,Only attracted to females?
33740,Heterosexual or straight,Men only,Only attracted to males?
37979,,,
87192,,,
67709,Gay or lesbian,I have not had sexual contact,Mostly attracted to males?
36552,Heterosexual or straight,I have not had sexual contact,Only attracted to males?
14301,,,
36384,,,
63138,Heterosexual or straight,Men only,Only attracted to males?
51298,,,
74632,,,
16654,Heterosexual or straight,Women only,Only attracted to females?
54394,Heterosexual or straight,I have not had sexual contact,Only attracted to females?
84768,Heterosexual or straight,Men only,Only attracted to males?
29134,Heterosexual or straight,Men only,Mostly attracted to males?
24029,Heterosexual or straight,I have not had sexual contact,Only attracted to females?
35361,Heterosexual or straight,Women only,Only attracted to females?
87056,,,
49086,Heterosexual or straight,Men only,Only attracted to males?
67917,Heterosexual or straight,Women only,Mostly attracted to females?
85503,Heterosexual or straight,Women only,Only attracted to females?
60008,Heterosexual or straight,Women only,Only attracted to females?
66542,,,
55881,Heterosexual or straight,Women only,Only attracted to females?
86265,,,
10732,,,
22119,,,
50797,,,
39564,,,
39285,,,
22460,Heterosexual or straight,Women only,Only attracted to females?
25172,,,
77134,Heterosexual or straight,I have not had sexual contact,Only attracted to males?
22143,Heterosexual or straight,I have not had sexual contact,Only attracted to males?
93766,Heterosexual or straight,I have not had sexual contact,Only attracted to females?
45097,Heterosexual or straight,Men only,Only attracted to males?
26289,Heterosexual or straight,Men only,Only attracted to males?
95490,Heterosexual or straight,Men only,Mostly attracted to males?
66979,Heterosexual or straight,Men only,Mostly attracted to males?
23253,,,
12900,,,
90079,Heterosexual or straight,I have not had sexual contact,Only attracted to males?
47584,,,
97990,Heterosexual or straight,I have not had sexual contact,Mostly attracted to males?
39248,Heterosexual or straight,I have not had sexual contact,Only attracted to males?
29354,Heterosexual or straight,Men only,Only attracted to males?
25743,,,
91429,Heterosexual or straight,I have not had sexual contact,Only attracted to males?
82269,Heterosexual or straight,Men only,Only attracted to males?
22842,Heterosexual or straight,Women only,Only attracted to females?
31311,Heterosexual or straight,I have not had sexual contact,Only attracted to females?
32423,Heterosexual or straight,Women only,Only attracted to females?
33084,Heterosexual or straight,I have not had sexual contact,Only attracted to males?
14279,Heterosexual or straight,Men only,Only attracted to males?
91932,Bisexual,Both men and women,Mostly attracted to males?
32404,Heterosexual or straight,Women only,Only attracted to females?
73577,Heterosexual or straight,I have not had sexual contact,Only attracted to males?
70561,,,
43177,,,
36501,Heterosexual or straight,Women only,Only attracted to females?
26857,,,
28327,Heterosexual or straight,I have not had sexual contact,Mostly attracted to males?
42674,Heterosexual or straight,Men only,Mostly attracted to males?
79897,Heterosexual or straight,I have not had sexual contact,Only attracted to males?
64978,Heterosexual or straight,Women only,Only attracted to females?
70434,,,
52302,Heterosexual or straight,Women only,Only attracted to females?
97050,,,
46418,Heterosexual or straight,I have not had sexual contact,Only attracted to females?
86691,Heterosexual or straight,Women only,Only attracted to females?
93002,Heterosexual or straight,I have not had sexual contact,Only attracted to males?
81930,Heterosexual or straight,I have not had sexual contact,Only attracted to females?
56543,Heterosexual or straight,I have not had sexual contact,Only attracted to males?
92618,Heterosexual or straight,I have not had sexual contact,Only attracted to males?
17470,,,
74211,Heterosexual or straight,Women only,Only attracted to females?
35180,,,
89142,Heterosexual or straight,Women only,Only attracted to females?
24898,Heterosexual or straight,I have not had sexual contact,Only attracted to females?
74413,Heterosexual or straight,I have not had sexual contact,Only attracted to females?
38824,Heterosexual or straight,Men only,Only attracted to males?
51723,Heterosexual or straight,Both men and women,Mostly attracted to females?
79352,Heterosexual or straight,I have not had sexual contact,Only attracted to males?
30814,,,
90502,Heterosexual or straight,Women only,Only attracted to females?
94456,Heterosexual or straight,Women only,Only attracted to females?
70661,Heterosexual or straight,Women only,Only attracted to females?
50976,,,
55533,Heterosexual or straight,Women only,Only attracted to females?
12156,Heterosexual or straight,Women only,Only attracted to females?
76485,,,
33239,,,
72570,Heterosexual or straight,I have not had sexual contact,Only attracted to males?
67574,Heterosexual or straight,Women only,Only attracted to females?
42231,Heterosexual or straight,I have not had sexual contact,Only attracted to females?
44639,Heterosexual or straight,Men only,Only attracted to males?
64072,Heterosexual or straight,Men only,Only attracted to males?
84960,Heterosexual or straight,I have not had sexual contact,Only attracted to females?
43809,,,
27941,Heterosexual or straight,Women only,Only attracted to females?
31033,Heterosexual or straight,Women only,Only attracted to females?
39301,,,
10469,,,
77789,Heterosexual or straight,I have not had sexual contact,Only attracted to males?
47024,Heterosexual or straight,Men only,Only attracted to males?
88582,Heterosexual or straight,I have not had sexual contact,Only attracted to males?
73897,,,
83470,Heterosexual or straight,I have not had sexual contact,Mostly attracted to males?
67015,Heterosexual or straight,Men only,Only attracted to males?
26272,Heterosexual or straight,I have not had sexual contact,Only attracted to males?
21909,Heterosexual or straight,Women only,Only attracted to females?
88882,Heterosexual or straight,Women only,Only attracted to females?
96828,,,
64406,Heterosexual or straight,Men only,Only attracted to males?
31985,Heterosexual or straight,Women only,Only attracted to females?
91337,Heterosexual or straight,Women only,Only attracted to females?
87664,,,
19245,Heterosexual or straight,Women only,Only attracted to females?
83748,Heterosexual or straight,I have not had sexual contact,Mostly attracted to males?
49915,,,
51865,,,
78407,Heterosexual or straight,I have not had sexual contact,Only attracted to males?
93787,,,
52621,Heterosexual or straight,I have not had sexual contact,Only attracted to males?
38914,Heterosexual or straight,I have not had sexual contact,Only attracted to males?
37594,,,
19833,Heterosexual or straight,I have not had sexual contact,Only attracted to females?
17270,,,
40864,,,
38313,Heterosexual or straight,I have not had sexual contact,Only attracted to males?
55340,Heterosexual or straight,I have not had sexual contact,Not sure?
18707,Heterosexual or straight,I have not had sexual contact,Only attracted to males?
26718,Heterosexual or straight,Women only,Only attracted to females?
63347,Heterosexual or straight,I have not had sexual contact,Not sure?
35824,Heterosexual or straight,I have not had sexual contact,Only attracted to females?
48826,,,
11454,,,
93246,Heterosexual or straight,Women only,Only attracted to females?
75341,Heterosexual or straight,I have not had sexual contact,Only attracted to males?
35925,,,
