egoid,major1rc_2,major2rc_2,degreeintent_2,majorevent_2
44869,507.0,135.0,"M.D., D.O., D.D.S., or D.V.M.",no
43516,510.0,135.0,"M.D., D.O., D.D.S., or D.V.M.",no
89411,117.0,135.0,"Master's Degree (M.A., M.S., MBA, etc.)",no
74285,110.0,128.0,J.D. (Law),no
56527,507.0,135.0,"M.D., D.O., D.D.S., or D.V.M.",no
16819,506.0,510.0,Ph.D or Ed.D.,yes
34591,109.0,128.0,J.D. (Law),no
89972,309.0,135.0,"Bachelor's degree (B.A., B.S., etc.)",no
92552,302.0,135.0,"Bachelor's degree (B.A., B.S., etc.)",yes
73158,306.0,135.0,"Bachelor's degree (B.A., B.S., etc.)",no
45963,503.0,507.0,"M.D., D.O., D.D.S., or D.V.M.",yes
22138,507.0,110.0,Ph.D or Ed.D.,no
90136,309.0,135.0,,
46744,504.0,506.0,"Bachelor's degree (B.A., B.S., etc.)",no
77941,507.0,503.0,"M.D., D.O., D.D.S., or D.V.M.",yes
44873,401.0,403.0,"Master's Degree (M.A., M.S., MBA, etc.)",yes
36540,301.0,135.0,Ph.D or Ed.D.,no
14527,510.0,109.0,"M.D., D.O., D.D.S., or D.V.M.",no
83005,131.0,113.0,"Bachelor's degree (B.A., B.S., etc.)",no
31439,501.0,135.0,"Master's Degree (M.A., M.S., MBA, etc.)",yes
21899,302.0,309.0,"Bachelor's degree (B.A., B.S., etc.)",yes
29232,308.0,100.0,Ph.D or Ed.D.,no
32249,406.0,135.0,"Master's Degree (M.A., M.S., MBA, etc.)",no
45375,109.0,135.0,"Master's Degree (M.A., M.S., MBA, etc.)",no
25536,306.0,305.0,"Bachelor's degree (B.A., B.S., etc.)",no
32037,401.0,514.0,"Master's Degree (M.A., M.S., MBA, etc.)",no
90476,511.0,510.0,"M.D., D.O., D.D.S., or D.V.M.",no
46558,301.0,309.0,"Master's Degree (M.A., M.S., MBA, etc.)",no
24016,128.0,109.0,J.D. (Law),no
52277,110.0,111.0,Ph.D or Ed.D.,no
93699,401.0,401.0,"Master's Degree (M.A., M.S., MBA, etc.)",no
36875,406.0,102.0,J.D. (Law),no
84011,503.0,135.0,Ph.D or Ed.D.,no
90646,309.0,135.0,"Master's Degree (M.A., M.S., MBA, etc.)",yes
88008,308.0,303.0,"Bachelor's degree (B.A., B.S., etc.)",no
88967,109.0,501.0,"Master's Degree (M.A., M.S., MBA, etc.)",no
46701,309.0,135.0,,
83566,134.0,135.0,"Master's Degree (M.A., M.S., MBA, etc.)",no
21090,305.0,120.0,"Bachelor's degree (B.A., B.S., etc.)",no
69419,503.0,113.0,"M.D., D.O., D.D.S., or D.V.M.",no
87032,200.0,135.0,Ph.D or Ed.D.,yes
94641,302.0,305.0,Ph.D or Ed.D.,yes
82728,510.0,135.0,"M.D., D.O., D.D.S., or D.V.M.",no
45076,404.0,403.0,"Master's Degree (M.A., M.S., MBA, etc.)",no
58437,306.0,302.0,"Master's Degree (M.A., M.S., MBA, etc.)",yes
94862,403.0,501.0,"Master's Degree (M.A., M.S., MBA, etc.)",no
14606,304.0,135.0,"M.D., D.O., D.D.S., or D.V.M.",no
64075,309.0,135.0,"M.D., D.O., D.D.S., or D.V.M.",yes
39787,507.0,103.0,Ph.D or Ed.D.,no
82376,200.0,135.0,"Master's Degree (M.A., M.S., MBA, etc.)",no
44872,507.0,510.0,Ph.D or Ed.D.,no
87783,309.0,135.0,,
22199,508.0,125.0,Ph.D or Ed.D.,yes
47498,309.0,135.0,,
57325,123.0,129.0,Ph.D or Ed.D.,no
53776,302.0,135.0,"Bachelor's degree (B.A., B.S., etc.)",no
58633,309.0,135.0,J.D. (Law),no
27306,507.0,131.0,"Master's Degree (M.A., M.S., MBA, etc.)",no
80607,131.0,140.0,Ph.D or Ed.D.,no
73143,403.0,128.0,"Master's Degree (M.A., M.S., MBA, etc.)",no
35797,305.0,135.0,"Bachelor's degree (B.A., B.S., etc.)",no
46365,511.0,109.0,Ph.D or Ed.D.,no
30596,309.0,135.0,Ph.D or Ed.D.,no
31045,309.0,135.0,,
74492,511.0,506.0,"Master's Degree (M.A., M.S., MBA, etc.)",no
76791,309.0,135.0,"Bachelor's degree (B.A., B.S., etc.)",no
21348,302.0,308.0,"Master's Degree (M.A., M.S., MBA, etc.)",no
23287,309.0,135.0,"Bachelor's degree (B.A., B.S., etc.)",no
14763,128.0,135.0,J.D. (Law),yes
22066,401.0,135.0,"Bachelor's degree (B.A., B.S., etc.)",no
64058,309.0,135.0,,
28247,200.0,135.0,"Bachelor's degree (B.A., B.S., etc.)",no
72873,503.0,135.0,"Master's Degree (M.A., M.S., MBA, etc.)",no
67544,511.0,135.0,"M.D., D.O., D.D.S., or D.V.M.",no
76810,309.0,135.0,,
51760,302.0,306.0,Ph.D or Ed.D.,no
72806,109.0,135.0,"Master's Degree (M.A., M.S., MBA, etc.)",no
98766,403.0,109.0,"Master's Degree (M.A., M.S., MBA, etc.)",no
23042,309.0,135.0,,
60997,309.0,135.0,"Bachelor's degree (B.A., B.S., etc.)",no
36038,510.0,135.0,"M.D., D.O., D.D.S., or D.V.M.",no
39146,503.0,135.0,"Master's Degree (M.A., M.S., MBA, etc.)",no
60963,304.0,135.0,"Master's Degree (M.A., M.S., MBA, etc.)",no
67918,303.0,135.0,"Master's Degree (M.A., M.S., MBA, etc.)",no
34467,507.0,135.0,"M.D., D.O., D.D.S., or D.V.M.",no
42132,309.0,135.0,,
41268,301.0,135.0,"Master's Degree (M.A., M.S., MBA, etc.)",no
90692,102.0,109.0,"Bachelor's degree (B.A., B.S., etc.)",no
32668,403.0,130.0,"Master's Degree (M.A., M.S., MBA, etc.)",no
24079,309.0,135.0,,
59673,303.0,135.0,"Bachelor's degree (B.A., B.S., etc.)",no
74899,509.0,506.0,"M.D., D.O., D.D.S., or D.V.M.",no
48891,309.0,135.0,,
81807,302.0,135.0,"Master's Degree (M.A., M.S., MBA, etc.)",no
77187,503.0,103.0,"Bachelor's degree (B.A., B.S., etc.)",no
91176,508.0,506.0,Ph.D or Ed.D.,no
22292,309.0,135.0,"Master's Degree (M.A., M.S., MBA, etc.)",no
35011,406.0,128.0,J.D. (Law),no
76785,309.0,135.0,,
60903,309.0,135.0,,
10115,401.0,109.0,"Master's Degree (M.A., M.S., MBA, etc.)",no
35416,309.0,135.0,Ph.D or Ed.D.,yes
89710,135.0,128.0,J.D. (Law),yes
97596,405.0,407.0,"Master's Degree (M.A., M.S., MBA, etc.)",no
39129,309.0,135.0,,
57359,503.0,135.0,"M.D., D.O., D.D.S., or D.V.M.",no
17308,503.0,507.0,"M.D., D.O., D.D.S., or D.V.M.",no
51851,403.0,405.0,"Master's Degree (M.A., M.S., MBA, etc.)",yes
35855,403.0,128.0,"Master's Degree (M.A., M.S., MBA, etc.)",no
67334,305.0,135.0,"Bachelor's degree (B.A., B.S., etc.)",yes
60230,128.0,506.0,Ph.D or Ed.D.,yes
77838,403.0,401.0,"Bachelor's degree (B.A., B.S., etc.)",no
37371,134.0,135.0,Ph.D or Ed.D.,no
57292,110.0,503.0,J.D. (Law),no
66406,309.0,135.0,,
90447,306.0,135.0,"Master's Degree (M.A., M.S., MBA, etc.)",no
56798,128.0,138.0,"Master's Degree (M.A., M.S., MBA, etc.)",no
28827,309.0,135.0,"Master's Degree (M.A., M.S., MBA, etc.)",yes
23115,309.0,135.0,"Bachelor's degree (B.A., B.S., etc.)",no
77872,304.0,135.0,"Master's Degree (M.A., M.S., MBA, etc.)",no
43114,302.0,135.0,"Bachelor's degree (B.A., B.S., etc.)",no
72348,507.0,511.0,"Master's Degree (M.A., M.S., MBA, etc.)",no
15707,309.0,135.0,"M.D., D.O., D.D.S., or D.V.M.",no
45776,309.0,135.0,,
63122,403.0,109.0,"Master's Degree (M.A., M.S., MBA, etc.)",yes
27169,309.0,135.0,,
89607,305.0,135.0,"Master's Degree (M.A., M.S., MBA, etc.)",no
59900,511.0,510.0,"M.D., D.O., D.D.S., or D.V.M.",no
28254,309.0,106.0,"Master's Degree (M.A., M.S., MBA, etc.)",no
56480,309.0,135.0,"Master's Degree (M.A., M.S., MBA, etc.)",yes
11128,405.0,135.0,"Master's Degree (M.A., M.S., MBA, etc.)",no
47886,507.0,135.0,"M.D., D.O., D.D.S., or D.V.M.",no
28820,309.0,135.0,"Bachelor's degree (B.A., B.S., etc.)",no
35347,117.0,403.0,J.D. (Law),no
45641,302.0,135.0,Ph.D or Ed.D.,no
25369,508.0,506.0,Ph.D or Ed.D.,no
64572,304.0,306.0,"Master's Degree (M.A., M.S., MBA, etc.)",no
31538,503.0,128.0,Ph.D or Ed.D.,no
73452,302.0,510.0,"M.D., D.O., D.D.S., or D.V.M.",no
51475,129.0,507.0,"M.D., D.O., D.D.S., or D.V.M.",no
28312,403.0,501.0,J.D. (Law),no
13486,405.0,135.0,"Bachelor's degree (B.A., B.S., etc.)",no
56805,303.0,135.0,"Master's Degree (M.A., M.S., MBA, etc.)",no
57697,110.0,128.0,"Master's Degree (M.A., M.S., MBA, etc.)",no
54837,309.0,135.0,,
29718,131.0,128.0,"Master's Degree (M.A., M.S., MBA, etc.)",no
26800,403.0,501.0,"Master's Degree (M.A., M.S., MBA, etc.)",yes
60493,309.0,135.0,Ph.D or Ed.D.,no
52051,506.0,135.0,"Master's Degree (M.A., M.S., MBA, etc.)",no
30972,507.0,135.0,"M.D., D.O., D.D.S., or D.V.M.",yes
47142,309.0,135.0,Ph.D or Ed.D.,no
69217,309.0,135.0,"Master's Degree (M.A., M.S., MBA, etc.)",yes
69009,117.0,135.0,"Master's Degree (M.A., M.S., MBA, etc.)",no
84390,400.0,104.0,"Master's Degree (M.A., M.S., MBA, etc.)",no
74845,403.0,135.0,"Master's Degree (M.A., M.S., MBA, etc.)",no
90905,302.0,309.0,"Master's Degree (M.A., M.S., MBA, etc.)",yes
39659,128.0,109.0,J.D. (Law),no
62072,502.0,135.0,"M.D., D.O., D.D.S., or D.V.M.",no
60396,128.0,400.0,J.D. (Law),yes
61084,305.0,303.0,"Bachelor's degree (B.A., B.S., etc.)",no
92412,117.0,506.0,Ph.D or Ed.D.,no
92038,406.0,135.0,"Master's Degree (M.A., M.S., MBA, etc.)",no
33388,309.0,135.0,Other,no
31717,302.0,135.0,Ph.D or Ed.D.,no
18324,502.0,135.0,"M.D., D.O., D.D.S., or D.V.M.",no
86440,403.0,135.0,J.D. (Law),no
95585,309.0,111.0,"Bachelor's degree (B.A., B.S., etc.)",no
29792,508.0,109.0,Ph.D or Ed.D.,no
14737,403.0,506.0,"Master's Degree (M.A., M.S., MBA, etc.)",yes
28223,502.0,135.0,"M.D., D.O., D.D.S., or D.V.M.",no
85708,309.0,135.0,,
55452,200.0,135.0,"Master's Degree (M.A., M.S., MBA, etc.)",yes
20179,308.0,135.0,Ph.D or Ed.D.,no
78339,309.0,135.0,"Master's Degree (M.A., M.S., MBA, etc.)",no
23696,109.0,514.0,Ph.D or Ed.D.,yes
28653,400.0,135.0,"Master's Degree (M.A., M.S., MBA, etc.)",no
84715,200.0,135.0,"Master's Degree (M.A., M.S., MBA, etc.)",no
95559,301.0,135.0,"Bachelor's degree (B.A., B.S., etc.)",no
30152,507.0,511.0,"M.D., D.O., D.D.S., or D.V.M.",no
68764,305.0,135.0,"Bachelor's degree (B.A., B.S., etc.)",no
60367,309.0,135.0,J.D. (Law),no
36939,300.0,135.0,"Bachelor's degree (B.A., B.S., etc.)",no
59592,503.0,135.0,"M.D., D.O., D.D.S., or D.V.M.",yes
22897,309.0,135.0,"Bachelor's degree (B.A., B.S., etc.)",yes
89652,503.0,135.0,"M.D., D.O., D.D.S., or D.V.M.",no
28724,503.0,507.0,"M.D., D.O., D.D.S., or D.V.M.",no
92895,309.0,135.0,,
69831,305.0,135.0,"Bachelor's degree (B.A., B.S., etc.)",no
59178,302.0,135.0,"Master's Degree (M.A., M.S., MBA, etc.)",no
50072,503.0,135.0,"M.D., D.O., D.D.S., or D.V.M.",no
44927,502.0,135.0,"M.D., D.O., D.D.S., or D.V.M.",no
71894,305.0,135.0,Ph.D or Ed.D.,no
76790,128.0,135.0,J.D. (Law),no
78428,400.0,135.0,"Master's Degree (M.A., M.S., MBA, etc.)",no
66676,502.0,135.0,"Master's Degree (M.A., M.S., MBA, etc.)",no
95930,506.0,400.0,"Master's Degree (M.A., M.S., MBA, etc.)",no
70962,503.0,135.0,"M.D., D.O., D.D.S., or D.V.M.",no
12738,309.0,135.0,,
29647,504.0,300.0,Ph.D or Ed.D.,no
27111,309.0,135.0,,
30453,401.0,135.0,"Bachelor's degree (B.A., B.S., etc.)",no
58219,305.0,135.0,"Master's Degree (M.A., M.S., MBA, etc.)",yes
28377,510.0,511.0,"M.D., D.O., D.D.S., or D.V.M.",no
80177,309.0,310.0,Ph.D or Ed.D.,no
18677,406.0,134.0,"Master's Degree (M.A., M.S., MBA, etc.)",no
66047,103.0,135.0,Ph.D or Ed.D.,yes
58682,400.0,300.0,"Bachelor's degree (B.A., B.S., etc.)",no
81199,128.0,116.0,"Master's Degree (M.A., M.S., MBA, etc.)",no
85679,309.0,135.0,,
79834,507.0,135.0,Ph.D or Ed.D.,no
93471,309.0,135.0,,
19538,403.0,109.0,"Master's Degree (M.A., M.S., MBA, etc.)",no
14595,309.0,135.0,"Master's Degree (M.A., M.S., MBA, etc.)",yes
38052,508.0,135.0,Ph.D or Ed.D.,no
33133,507.0,128.0,"Master's Degree (M.A., M.S., MBA, etc.)",no
40021,507.0,135.0,"M.D., D.O., D.D.S., or D.V.M.",no
27141,511.0,135.0,"Master's Degree (M.A., M.S., MBA, etc.)",yes
93858,403.0,406.0,"Bachelor's degree (B.A., B.S., etc.)",no
47810,308.0,309.0,"Bachelor's degree (B.A., B.S., etc.)",yes
58196,400.0,135.0,"Master's Degree (M.A., M.S., MBA, etc.)",no
42773,507.0,135.0,"M.D., D.O., D.D.S., or D.V.M.",yes
72152,309.0,135.0,,
76663,503.0,135.0,"Master's Degree (M.A., M.S., MBA, etc.)",yes
48224,306.0,111.0,"Master's Degree (M.A., M.S., MBA, etc.)",no
30137,403.0,128.0,"Master's Degree (M.A., M.S., MBA, etc.)",no
68318,502.0,135.0,Ph.D or Ed.D.,no
62246,309.0,301.0,"Bachelor's degree (B.A., B.S., etc.)",no
69496,309.0,135.0,,
61028,302.0,135.0,"Bachelor's degree (B.A., B.S., etc.)",no
55424,109.0,403.0,"Bachelor's degree (B.A., B.S., etc.)",yes
17581,309.0,135.0,,
23576,400.0,135.0,"Master's Degree (M.A., M.S., MBA, etc.)",no
57842,404.0,131.0,"Master's Degree (M.A., M.S., MBA, etc.)",no
17522,511.0,100.0,"M.D., D.O., D.D.S., or D.V.M.",no
55685,401.0,135.0,"Master's Degree (M.A., M.S., MBA, etc.)",no
74079,404.0,403.0,"Master's Degree (M.A., M.S., MBA, etc.)",no
97833,403.0,134.0,"Bachelor's degree (B.A., B.S., etc.)",no
11992,109.0,128.0,Ph.D or Ed.D.,no
93485,403.0,135.0,"Master's Degree (M.A., M.S., MBA, etc.)",no
34402,401.0,109.0,"Master's Degree (M.A., M.S., MBA, etc.)",yes
62617,134.0,129.0,"M.D., D.O., D.D.S., or D.V.M.",no
42137,303.0,125.0,"Bachelor's degree (B.A., B.S., etc.)",no
37305,406.0,111.0,"Bachelor's degree (B.A., B.S., etc.)",no
48013,128.0,135.0,"Bachelor's degree (B.A., B.S., etc.)",yes
44447,309.0,135.0,,
14571,503.0,514.0,Ph.D or Ed.D.,no
69057,309.0,135.0,"Master's Degree (M.A., M.S., MBA, etc.)",no
49125,131.0,135.0,Ph.D or Ed.D.,yes
66629,130.0,108.0,"Bachelor's degree (B.A., B.S., etc.)",no
83542,110.0,135.0,"Master's Degree (M.A., M.S., MBA, etc.)",no
18222,305.0,306.0,Ph.D or Ed.D.,no
39738,128.0,101.0,J.D. (Law),no
26858,510.0,103.0,"M.D., D.O., D.D.S., or D.V.M.",yes
70552,111.0,135.0,"Bachelor's degree (B.A., B.S., etc.)",no
38826,131.0,135.0,"Master's Degree (M.A., M.S., MBA, etc.)",no
93504,406.0,106.0,Ph.D or Ed.D.,yes
64232,510.0,135.0,"M.D., D.O., D.D.S., or D.V.M.",no
37404,401.0,134.0,"Master's Degree (M.A., M.S., MBA, etc.)",yes
25961,309.0,135.0,,
87330,131.0,109.0,Ph.D or Ed.D.,no
92028,511.0,129.0,Ph.D or Ed.D.,no
82248,116.0,135.0,J.D. (Law),no
28824,309.0,135.0,,
11482,109.0,134.0,Ph.D or Ed.D.,no
69936,302.0,304.0,"Master's Degree (M.A., M.S., MBA, etc.)",no
91320,403.0,109.0,"Bachelor's degree (B.A., B.S., etc.)",yes
37001,400.0,501.0,"Bachelor's degree (B.A., B.S., etc.)",no
70492,511.0,510.0,"M.D., D.O., D.D.S., or D.V.M.",no
95543,305.0,135.0,"Bachelor's degree (B.A., B.S., etc.)",no
21380,302.0,135.0,"Bachelor's degree (B.A., B.S., etc.)",no
67106,303.0,135.0,"Bachelor's degree (B.A., B.S., etc.)",no
25495,109.0,403.0,"Bachelor's degree (B.A., B.S., etc.)",no
26581,400.0,131.0,"Master's Degree (M.A., M.S., MBA, etc.)",no
66642,309.0,135.0,"Bachelor's degree (B.A., B.S., etc.)",no
83612,503.0,510.0,"M.D., D.O., D.D.S., or D.V.M.",no
63954,401.0,109.0,"Master's Degree (M.A., M.S., MBA, etc.)",no
20665,309.0,305.0,"Master's Degree (M.A., M.S., MBA, etc.)",no
19122,301.0,135.0,"Master's Degree (M.A., M.S., MBA, etc.)",no
99978,309.0,130.0,"Master's Degree (M.A., M.S., MBA, etc.)",yes
92566,110.0,128.0,"Master's Degree (M.A., M.S., MBA, etc.)",no
39414,200.0,135.0,"Master's Degree (M.A., M.S., MBA, etc.)",yes
35987,305.0,135.0,"Bachelor's degree (B.A., B.S., etc.)",no
66655,129.0,134.0,"M.D., D.O., D.D.S., or D.V.M.",no
10547,109.0,135.0,Ph.D or Ed.D.,no
46373,128.0,400.0,"Bachelor's degree (B.A., B.S., etc.)",no
79341,511.0,600.0,"Bachelor's degree (B.A., B.S., etc.)",no
19591,403.0,135.0,"Bachelor's degree (B.A., B.S., etc.)",no
83536,300.0,135.0,"Master's Degree (M.A., M.S., MBA, etc.)",no
66682,305.0,135.0,"Master's Degree (M.A., M.S., MBA, etc.)",no
88337,109.0,134.0,J.D. (Law),no
67608,503.0,129.0,"M.D., D.O., D.D.S., or D.V.M.",no
19735,200.0,135.0,"Bachelor's degree (B.A., B.S., etc.)",yes
42513,309.0,135.0,,
64595,309.0,135.0,,
85134,507.0,135.0,"M.D., D.O., D.D.S., or D.V.M.",no
51952,309.0,135.0,,
28837,309.0,135.0,,
46266,303.0,135.0,"Bachelor's degree (B.A., B.S., etc.)",no
61289,309.0,135.0,,
18743,309.0,135.0,"Master's Degree (M.A., M.S., MBA, etc.)",no
13647,125.0,109.0,J.D. (Law),no
59207,302.0,135.0,"Bachelor's degree (B.A., B.S., etc.)",no
48946,508.0,506.0,Ph.D or Ed.D.,no
86083,130.0,135.0,"Bachelor's degree (B.A., B.S., etc.)",no
96613,403.0,501.0,"Bachelor's degree (B.A., B.S., etc.)",no
49014,510.0,503.0,"M.D., D.O., D.D.S., or D.V.M.",no
50766,305.0,135.0,"Bachelor's degree (B.A., B.S., etc.)",no
71089,305.0,111.0,"Bachelor's degree (B.A., B.S., etc.)",no
80980,309.0,135.0,"Master's Degree (M.A., M.S., MBA, etc.)",no
29115,309.0,135.0,,
98462,501.0,135.0,"Master's Degree (M.A., M.S., MBA, etc.)",no
94455,309.0,135.0,,
11148,110.0,116.0,Ph.D or Ed.D.,no
88384,401.0,135.0,"Master's Degree (M.A., M.S., MBA, etc.)",yes
60904,103.0,137.0,"Master's Degree (M.A., M.S., MBA, etc.)",no
64302,303.0,135.0,"Master's Degree (M.A., M.S., MBA, etc.)",no
51882,134.0,116.0,J.D. (Law),yes
54200,403.0,135.0,"Master's Degree (M.A., M.S., MBA, etc.)",no
22688,305.0,507.0,Ph.D or Ed.D.,no
38815,305.0,304.0,"Master's Degree (M.A., M.S., MBA, etc.)",no
34525,507.0,135.0,"M.D., D.O., D.D.S., or D.V.M.",no
68404,406.0,131.0,"Master's Degree (M.A., M.S., MBA, etc.)",yes
71836,304.0,305.0,"Master's Degree (M.A., M.S., MBA, etc.)",no
12748,309.0,135.0,,
33445,403.0,131.0,"Master's Degree (M.A., M.S., MBA, etc.)",no
83078,309.0,135.0,"Bachelor's degree (B.A., B.S., etc.)",yes
72160,309.0,135.0,,
55569,305.0,135.0,"Master's Degree (M.A., M.S., MBA, etc.)",no
72885,305.0,304.0,"Master's Degree (M.A., M.S., MBA, etc.)",no
47006,110.0,135.0,"Bachelor's degree (B.A., B.S., etc.)",no
36574,116.0,107.0,J.D. (Law),no
71193,125.0,109.0,J.D. (Law),no
44070,401.0,100.0,"Master's Degree (M.A., M.S., MBA, etc.)",no
49010,117.0,106.0,"Master's Degree (M.A., M.S., MBA, etc.)",no
98760,302.0,510.0,"M.D., D.O., D.D.S., or D.V.M.",yes
95374,131.0,128.0,J.D. (Law),no
71985,404.0,100.0,"Master's Degree (M.A., M.S., MBA, etc.)",no
43125,109.0,403.0,"Master's Degree (M.A., M.S., MBA, etc.)",no
98117,503.0,135.0,"M.D., D.O., D.D.S., or D.V.M.",no
22989,131.0,135.0,"Master's Degree (M.A., M.S., MBA, etc.)",no
24883,302.0,510.0,"M.D., D.O., D.D.S., or D.V.M.",yes
65068,309.0,135.0,,
20650,128.0,135.0,J.D. (Law),yes
19460,309.0,135.0,,
66815,510.0,135.0,"M.D., D.O., D.D.S., or D.V.M.",no
89161,403.0,501.0,"Master's Degree (M.A., M.S., MBA, etc.)",no
54956,134.0,111.0,"Master's Degree (M.A., M.S., MBA, etc.)",no
14847,401.0,135.0,"Bachelor's degree (B.A., B.S., etc.)",yes
85453,309.0,135.0,"Bachelor's degree (B.A., B.S., etc.)",no
19827,309.0,135.0,"Master's Degree (M.A., M.S., MBA, etc.)",no
31121,305.0,302.0,"Bachelor's degree (B.A., B.S., etc.)",no
38683,403.0,501.0,"Master's Degree (M.A., M.S., MBA, etc.)",no
82918,309.0,135.0,,
43382,306.0,309.0,Ph.D or Ed.D.,yes
44344,102.0,110.0,J.D. (Law),yes
94215,302.0,135.0,"Master's Degree (M.A., M.S., MBA, etc.)",no
80675,403.0,501.0,Ph.D or Ed.D.,yes
57144,309.0,135.0,"M.D., D.O., D.D.S., or D.V.M.",no
94662,501.0,135.0,"Bachelor's degree (B.A., B.S., etc.)",no
98700,511.0,135.0,"Master's Degree (M.A., M.S., MBA, etc.)",no
44675,309.0,135.0,"M.D., D.O., D.D.S., or D.V.M.",no
33341,507.0,111.0,Ph.D or Ed.D.,no
37396,406.0,129.0,"Master's Degree (M.A., M.S., MBA, etc.)",no
65072,403.0,128.0,"Master's Degree (M.A., M.S., MBA, etc.)",no
37148,306.0,135.0,"Master's Degree (M.A., M.S., MBA, etc.)",no
11910,401.0,106.0,"Master's Degree (M.A., M.S., MBA, etc.)",no
75438,400.0,135.0,"Master's Degree (M.A., M.S., MBA, etc.)",yes
99733,309.0,302.0,"Master's Degree (M.A., M.S., MBA, etc.)",yes
27407,309.0,135.0,"Bachelor's degree (B.A., B.S., etc.)",no
14250,400.0,501.0,"Master's Degree (M.A., M.S., MBA, etc.)",no
43794,309.0,302.0,"Bachelor's degree (B.A., B.S., etc.)",no
73918,309.0,135.0,,
60216,302.0,135.0,"Bachelor's degree (B.A., B.S., etc.)",no
28681,309.0,135.0,"Master's Degree (M.A., M.S., MBA, etc.)",no
51437,503.0,135.0,Other,no
21932,302.0,135.0,"Bachelor's degree (B.A., B.S., etc.)",no
29733,507.0,128.0,Ph.D or Ed.D.,no
98206,305.0,135.0,"Bachelor's degree (B.A., B.S., etc.)",no
36385,131.0,135.0,"Bachelor's degree (B.A., B.S., etc.)",yes
26651,309.0,135.0,,
54030,511.0,135.0,"M.D., D.O., D.D.S., or D.V.M.",yes
67993,131.0,135.0,"Master's Degree (M.A., M.S., MBA, etc.)",no
96543,304.0,135.0,"Master's Degree (M.A., M.S., MBA, etc.)",no
49800,507.0,135.0,"M.D., D.O., D.D.S., or D.V.M.",no
29296,503.0,131.0,"M.D., D.O., D.D.S., or D.V.M.",no
11002,503.0,403.0,Ph.D or Ed.D.,no
72850,307.0,128.0,"Bachelor's degree (B.A., B.S., etc.)",no
15134,309.0,135.0,"Bachelor's degree (B.A., B.S., etc.)",no
69124,309.0,135.0,,
42531,109.0,110.0,"Bachelor's degree (B.A., B.S., etc.)",no
34062,507.0,135.0,Ph.D or Ed.D.,yes
18111,401.0,135.0,"Bachelor's degree (B.A., B.S., etc.)",no
42646,507.0,510.0,"M.D., D.O., D.D.S., or D.V.M.",no
63922,404.0,140.0,"Master's Degree (M.A., M.S., MBA, etc.)",no
59097,403.0,401.0,"Master's Degree (M.A., M.S., MBA, etc.)",yes
72912,406.0,135.0,"Master's Degree (M.A., M.S., MBA, etc.)",no
91484,510.0,511.0,"M.D., D.O., D.D.S., or D.V.M.",no
24833,511.0,135.0,"M.D., D.O., D.D.S., or D.V.M.",no
21971,511.0,135.0,"M.D., D.O., D.D.S., or D.V.M.",no
58654,135.0,123.0,"Master's Degree (M.A., M.S., MBA, etc.)",no
13928,309.0,135.0,,
84502,309.0,135.0,,
64090,309.0,135.0,,
52123,404.0,135.0,"Master's Degree (M.A., M.S., MBA, etc.)",no
78783,200.0,135.0,"Bachelor's degree (B.A., B.S., etc.)",no
25197,109.0,501.0,"Master's Degree (M.A., M.S., MBA, etc.)",no
35872,510.0,135.0,Ph.D or Ed.D.,no
93462,108.0,135.0,"Master's Degree (M.A., M.S., MBA, etc.)",yes
23270,129.0,512.0,"M.D., D.O., D.D.S., or D.V.M.",no
69807,109.0,501.0,J.D. (Law),no
92716,302.0,135.0,"Master's Degree (M.A., M.S., MBA, etc.)",no
66061,309.0,135.0,,
56058,403.0,135.0,"Master's Degree (M.A., M.S., MBA, etc.)",no
57854,309.0,135.0,,
68679,511.0,135.0,"M.D., D.O., D.D.S., or D.V.M.",no
90750,309.0,135.0,,
70125,108.0,406.0,"Master's Degree (M.A., M.S., MBA, etc.)",no
67192,507.0,135.0,"M.D., D.O., D.D.S., or D.V.M.",no
12029,401.0,135.0,"Bachelor's degree (B.A., B.S., etc.)",no
70745,117.0,128.0,J.D. (Law),no
43255,406.0,131.0,"Bachelor's degree (B.A., B.S., etc.)",no
93856,309.0,135.0,"Bachelor's degree (B.A., B.S., etc.)",no
10237,111.0,135.0,"Master's Degree (M.A., M.S., MBA, etc.)",no
97448,134.0,135.0,J.D. (Law),no
43603,303.0,135.0,"Bachelor's degree (B.A., B.S., etc.)",no
86974,102.0,119.0,J.D. (Law),no
89165,511.0,135.0,"Bachelor's degree (B.A., B.S., etc.)",no
97280,128.0,135.0,J.D. (Law),no
54098,304.0,135.0,"Bachelor's degree (B.A., B.S., etc.)",no
66156,305.0,135.0,"Master's Degree (M.A., M.S., MBA, etc.)",yes
67177,401.0,100.0,"Bachelor's degree (B.A., B.S., etc.)",no
22540,301.0,508.0,"Bachelor's degree (B.A., B.S., etc.)",no
70668,108.0,135.0,"Bachelor's degree (B.A., B.S., etc.)",no
15586,309.0,135.0,,
27232,403.0,109.0,"Master's Degree (M.A., M.S., MBA, etc.)",no
18611,507.0,125.0,J.D. (Law),yes
87328,109.0,128.0,J.D. (Law),no
88963,309.0,135.0,,
61756,400.0,135.0,"Bachelor's degree (B.A., B.S., etc.)",no
57045,108.0,109.0,"Bachelor's degree (B.A., B.S., etc.)",no
49497,406.0,108.0,"Master's Degree (M.A., M.S., MBA, etc.)",no
15031,305.0,135.0,"Bachelor's degree (B.A., B.S., etc.)",no
79607,302.0,123.0,"Bachelor's degree (B.A., B.S., etc.)",no
41952,109.0,506.0,"Bachelor's degree (B.A., B.S., etc.)",no
17183,404.0,128.0,"Bachelor's degree (B.A., B.S., etc.)",no
22408,511.0,135.0,"M.D., D.O., D.D.S., or D.V.M.",no
54435,507.0,135.0,"M.D., D.O., D.D.S., or D.V.M.",no
38554,400.0,135.0,"Master's Degree (M.A., M.S., MBA, etc.)",no
38293,309.0,135.0,"Bachelor's degree (B.A., B.S., etc.)",no
33785,304.0,130.0,Ph.D or Ed.D.,no
44310,400.0,137.0,"Bachelor's degree (B.A., B.S., etc.)",no
33009,130.0,109.0,J.D. (Law),no
31294,510.0,131.0,"M.D., D.O., D.D.S., or D.V.M.",no
65143,309.0,135.0,,
91726,508.0,305.0,"Master's Degree (M.A., M.S., MBA, etc.)",no
59355,302.0,135.0,"Master's Degree (M.A., M.S., MBA, etc.)",no
96184,200.0,135.0,"Bachelor's degree (B.A., B.S., etc.)",yes
92339,309.0,135.0,"Bachelor's degree (B.A., B.S., etc.)",no
70005,304.0,303.0,"Bachelor's degree (B.A., B.S., etc.)",no
64157,102.0,110.0,"Master's Degree (M.A., M.S., MBA, etc.)",no
68050,309.0,135.0,,
46151,110.0,510.0,"M.D., D.O., D.D.S., or D.V.M.",yes
79395,403.0,109.0,"Master's Degree (M.A., M.S., MBA, etc.)",yes
59863,302.0,135.0,"Bachelor's degree (B.A., B.S., etc.)",no
63419,507.0,135.0,"M.D., D.O., D.D.S., or D.V.M.",no
22913,303.0,307.0,"Master's Degree (M.A., M.S., MBA, etc.)",no
91313,117.0,506.0,J.D. (Law),no
14511,130.0,131.0,"Bachelor's degree (B.A., B.S., etc.)",yes
73962,305.0,400.0,"Master's Degree (M.A., M.S., MBA, etc.)",no
48969,503.0,135.0,"M.D., D.O., D.D.S., or D.V.M.",yes
22093,301.0,135.0,"Bachelor's degree (B.A., B.S., etc.)",yes
32919,309.0,135.0,"Bachelor's degree (B.A., B.S., etc.)",no
10153,511.0,135.0,"M.D., D.O., D.D.S., or D.V.M.",no
79731,406.0,404.0,"Master's Degree (M.A., M.S., MBA, etc.)",no
63611,506.0,109.0,"Master's Degree (M.A., M.S., MBA, etc.)",no
64296,506.0,135.0,"Master's Degree (M.A., M.S., MBA, etc.)",no
23487,309.0,135.0,,
17569,309.0,135.0,"Master's Degree (M.A., M.S., MBA, etc.)",no
77036,309.0,135.0,"Bachelor's degree (B.A., B.S., etc.)",no
53518,403.0,135.0,"Master's Degree (M.A., M.S., MBA, etc.)",no
92340,309.0,303.0,"Bachelor's degree (B.A., B.S., etc.)",yes
37485,309.0,135.0,,
33953,131.0,135.0,"Master's Degree (M.A., M.S., MBA, etc.)",no
53333,309.0,135.0,,
82986,302.0,135.0,"Bachelor's degree (B.A., B.S., etc.)",no
61772,510.0,109.0,Ph.D or Ed.D.,no
47280,401.0,135.0,"Master's Degree (M.A., M.S., MBA, etc.)",no
70566,116.0,128.0,J.D. (Law),yes
82964,110.0,119.0,Ph.D or Ed.D.,no
11402,131.0,135.0,"Master's Degree (M.A., M.S., MBA, etc.)",no
38610,501.0,135.0,"Bachelor's degree (B.A., B.S., etc.)",no
96610,507.0,135.0,"M.D., D.O., D.D.S., or D.V.M.",no
77711,403.0,109.0,Ph.D or Ed.D.,no
48505,507.0,510.0,"M.D., D.O., D.D.S., or D.V.M.",no
78667,309.0,135.0,,
17020,305.0,403.0,"Bachelor's degree (B.A., B.S., etc.)",no
48676,507.0,135.0,"M.D., D.O., D.D.S., or D.V.M.",no
29885,309.0,135.0,Ph.D or Ed.D.,yes
32976,309.0,135.0,"Bachelor's degree (B.A., B.S., etc.)",yes
79167,128.0,116.0,J.D. (Law),no
65061,507.0,135.0,"Master's Degree (M.A., M.S., MBA, etc.)",no
43710,401.0,135.0,"Master's Degree (M.A., M.S., MBA, etc.)",no
61389,302.0,510.0,"Master's Degree (M.A., M.S., MBA, etc.)",no
22455,309.0,135.0,Ph.D or Ed.D.,no
82819,404.0,109.0,"Master's Degree (M.A., M.S., MBA, etc.)",yes
67771,305.0,135.0,"Master's Degree (M.A., M.S., MBA, etc.)",no
57443,507.0,129.0,"M.D., D.O., D.D.S., or D.V.M.",yes
96469,110.0,135.0,"Bachelor's degree (B.A., B.S., etc.)",no
94579,502.0,135.0,"M.D., D.O., D.D.S., or D.V.M.",no
29257,400.0,508.0,"Bachelor's degree (B.A., B.S., etc.)",no
23518,506.0,513.0,"Bachelor's degree (B.A., B.S., etc.)",no
80484,403.0,134.0,"Master's Degree (M.A., M.S., MBA, etc.)",no
49539,134.0,128.0,J.D. (Law),no
63904,504.0,135.0,"M.D., D.O., D.D.S., or D.V.M.",no
82490,403.0,109.0,"Master's Degree (M.A., M.S., MBA, etc.)",no
20335,305.0,135.0,"Master's Degree (M.A., M.S., MBA, etc.)",no
35031,406.0,108.0,"Master's Degree (M.A., M.S., MBA, etc.)",no
88185,134.0,110.0,"Master's Degree (M.A., M.S., MBA, etc.)",no
35344,302.0,135.0,Ph.D or Ed.D.,no
31175,109.0,135.0,"Bachelor's degree (B.A., B.S., etc.)",yes
41167,117.0,135.0,J.D. (Law),no
98325,305.0,135.0,"Bachelor's degree (B.A., B.S., etc.)",yes
36963,305.0,309.0,"Bachelor's degree (B.A., B.S., etc.)",no
50666,137.0,140.0,"Master's Degree (M.A., M.S., MBA, etc.)",no
98624,110.0,129.0,"M.D., D.O., D.D.S., or D.V.M.",no
42617,507.0,135.0,"M.D., D.O., D.D.S., or D.V.M.",no
58793,103.0,140.0,J.D. (Law),no
25125,131.0,135.0,Ph.D or Ed.D.,no
25548,302.0,504.0,"Master's Degree (M.A., M.S., MBA, etc.)",no
25966,503.0,135.0,"M.D., D.O., D.D.S., or D.V.M.",no
95444,309.0,135.0,"Bachelor's degree (B.A., B.S., etc.)",no
96689,109.0,137.0,"Master's Degree (M.A., M.S., MBA, etc.)",no
22587,400.0,108.0,"Master's Degree (M.A., M.S., MBA, etc.)",no
43581,510.0,507.0,"M.D., D.O., D.D.S., or D.V.M.",yes
75578,304.0,135.0,Ph.D or Ed.D.,no
43507,309.0,135.0,,
91551,507.0,135.0,"M.D., D.O., D.D.S., or D.V.M.",yes
30676,309.0,135.0,,
19030,403.0,109.0,J.D. (Law),no
33657,117.0,134.0,"Bachelor's degree (B.A., B.S., etc.)",no
76521,309.0,135.0,,
52848,109.0,135.0,"Master's Degree (M.A., M.S., MBA, etc.)",no
40231,309.0,135.0,,
65656,301.0,309.0,"Master's Degree (M.A., M.S., MBA, etc.)",yes
30610,109.0,111.0,Ph.D or Ed.D.,yes
36117,506.0,135.0,Ph.D or Ed.D.,yes
82587,401.0,406.0,"Master's Degree (M.A., M.S., MBA, etc.)",no
14690,102.0,135.0,"Master's Degree (M.A., M.S., MBA, etc.)",no
40569,309.0,135.0,,
97021,116.0,135.0,Ph.D or Ed.D.,yes
26320,406.0,112.0,"Bachelor's degree (B.A., B.S., etc.)",no
77532,110.0,131.0,"Master's Degree (M.A., M.S., MBA, etc.)",no
92515,501.0,109.0,"Master's Degree (M.A., M.S., MBA, etc.)",no
97844,301.0,135.0,"Master's Degree (M.A., M.S., MBA, etc.)",no
81647,102.0,118.0,Ph.D or Ed.D.,no
33127,309.0,135.0,,
45958,117.0,135.0,J.D. (Law),no
49790,200.0,135.0,"Master's Degree (M.A., M.S., MBA, etc.)",no
74251,309.0,135.0,,
28326,305.0,135.0,"Bachelor's degree (B.A., B.S., etc.)",yes
20507,309.0,135.0,Ph.D or Ed.D.,no
71592,506.0,135.0,"Bachelor's degree (B.A., B.S., etc.)",no
15181,502.0,506.0,Ph.D or Ed.D.,no
70209,130.0,100.0,J.D. (Law),no
78657,200.0,135.0,"Bachelor's degree (B.A., B.S., etc.)",no
21887,128.0,135.0,J.D. (Law),no
48154,503.0,510.0,"Master's Degree (M.A., M.S., MBA, etc.)",no
92953,403.0,109.0,"Bachelor's degree (B.A., B.S., etc.)",no
90192,305.0,128.0,"Master's Degree (M.A., M.S., MBA, etc.)",yes
51495,309.0,135.0,"Master's Degree (M.A., M.S., MBA, etc.)",no
34344,503.0,135.0,"M.D., D.O., D.D.S., or D.V.M.",no
21793,309.0,135.0,"Bachelor's degree (B.A., B.S., etc.)",no
37218,305.0,135.0,"Master's Degree (M.A., M.S., MBA, etc.)",no
17932,125.0,135.0,"Bachelor's degree (B.A., B.S., etc.)",no
95026,509.0,135.0,"M.D., D.O., D.D.S., or D.V.M.",yes
66800,309.0,135.0,,
73693,309.0,135.0,,
80429,501.0,403.0,"Master's Degree (M.A., M.S., MBA, etc.)",no
75149,130.0,135.0,J.D. (Law),no
61659,506.0,109.0,Ph.D or Ed.D.,yes
81420,400.0,300.0,"Bachelor's degree (B.A., B.S., etc.)",no
33740,507.0,135.0,"M.D., D.O., D.D.S., or D.V.M.",no
37979,309.0,135.0,"Master's Degree (M.A., M.S., MBA, etc.)",no
87192,305.0,135.0,"Bachelor's degree (B.A., B.S., etc.)",yes
67709,200.0,136.0,"Master's Degree (M.A., M.S., MBA, etc.)",no
36552,303.0,309.0,"Bachelor's degree (B.A., B.S., etc.)",no
14301,503.0,135.0,"M.D., D.O., D.D.S., or D.V.M.",no
36384,511.0,135.0,"M.D., D.O., D.D.S., or D.V.M.",yes
63138,502.0,135.0,"M.D., D.O., D.D.S., or D.V.M.",no
51298,304.0,135.0,J.D. (Law),yes
74632,502.0,135.0,Ph.D or Ed.D.,no
16654,109.0,135.0,"Master's Degree (M.A., M.S., MBA, etc.)",no
54394,302.0,510.0,"M.D., D.O., D.D.S., or D.V.M.",no
84768,309.0,135.0,,
29134,511.0,135.0,"M.D., D.O., D.D.S., or D.V.M.",no
24029,506.0,515.0,Ph.D or Ed.D.,no
35361,309.0,135.0,"Bachelor's degree (B.A., B.S., etc.)",no
87056,103.0,506.0,"Master's Degree (M.A., M.S., MBA, etc.)",no
49086,309.0,135.0,"Master's Degree (M.A., M.S., MBA, etc.)",no
67917,309.0,135.0,,
85503,301.0,135.0,"Master's Degree (M.A., M.S., MBA, etc.)",yes
60008,309.0,135.0,"Master's Degree (M.A., M.S., MBA, etc.)",yes
66542,302.0,510.0,Ph.D or Ed.D.,no
55881,309.0,135.0,"Master's Degree (M.A., M.S., MBA, etc.)",yes
86265,309.0,506.0,"Master's Degree (M.A., M.S., MBA, etc.)",no
10732,403.0,135.0,"Master's Degree (M.A., M.S., MBA, etc.)",no
22119,300.0,135.0,"Master's Degree (M.A., M.S., MBA, etc.)",yes
50797,305.0,135.0,"Bachelor's degree (B.A., B.S., etc.)",yes
39564,403.0,401.0,"Master's Degree (M.A., M.S., MBA, etc.)",no
39285,305.0,135.0,"Bachelor's degree (B.A., B.S., etc.)",yes
22460,109.0,506.0,"Master's Degree (M.A., M.S., MBA, etc.)",no
25172,108.0,406.0,"Bachelor's degree (B.A., B.S., etc.)",no
77134,130.0,135.0,Ph.D or Ed.D.,no
22143,117.0,119.0,Ph.D or Ed.D.,yes
93766,305.0,135.0,"Bachelor's degree (B.A., B.S., etc.)",no
45097,307.0,100.0,Ph.D or Ed.D.,no
26289,309.0,135.0,,
95490,309.0,135.0,"Bachelor's degree (B.A., B.S., etc.)",yes
66979,501.0,110.0,Ph.D or Ed.D.,no
23253,503.0,135.0,"Master's Degree (M.A., M.S., MBA, etc.)",no
12900,134.0,140.0,J.D. (Law),no
90079,309.0,135.0,"Master's Degree (M.A., M.S., MBA, etc.)",yes
47584,511.0,125.0,"M.D., D.O., D.D.S., or D.V.M.",yes
97990,506.0,501.0,"Master's Degree (M.A., M.S., MBA, etc.)",no
39248,309.0,135.0,,
29354,309.0,135.0,,
25743,309.0,135.0,,
91429,511.0,131.0,"M.D., D.O., D.D.S., or D.V.M.",no
82269,128.0,129.0,"M.D., D.O., D.D.S., or D.V.M.",no
22842,306.0,135.0,"Bachelor's degree (B.A., B.S., etc.)",yes
31311,125.0,137.0,Ph.D or Ed.D.,yes
32423,309.0,135.0,,
33084,514.0,501.0,"M.D., D.O., D.D.S., or D.V.M.",no
14279,401.0,109.0,"Master's Degree (M.A., M.S., MBA, etc.)",no
91932,309.0,510.0,"M.D., D.O., D.D.S., or D.V.M.",no
32404,403.0,131.0,"Master's Degree (M.A., M.S., MBA, etc.)",no
73577,403.0,109.0,J.D. (Law),no
70561,406.0,135.0,"Bachelor's degree (B.A., B.S., etc.)",no
43177,128.0,135.0,"Bachelor's degree (B.A., B.S., etc.)",no
36501,405.0,135.0,"Bachelor's degree (B.A., B.S., etc.)",no
26857,305.0,114.0,Ph.D or Ed.D.,no
28327,117.0,100.0,Ph.D or Ed.D.,no
42674,128.0,117.0,"Bachelor's degree (B.A., B.S., etc.)",no
79897,510.0,134.0,"M.D., D.O., D.D.S., or D.V.M.",no
64978,309.0,135.0,"M.D., D.O., D.D.S., or D.V.M.",
70434,135.0,507.0,"Master's Degree (M.A., M.S., MBA, etc.)",no
52302,109.0,510.0,"M.D., D.O., D.D.S., or D.V.M.",no
97050,302.0,135.0,"Bachelor's degree (B.A., B.S., etc.)",no
46418,502.0,503.0,"M.D., D.O., D.D.S., or D.V.M.",yes
86691,510.0,135.0,"M.D., D.O., D.D.S., or D.V.M.",no
93002,506.0,503.0,"Bachelor's degree (B.A., B.S., etc.)",no
81930,309.0,135.0,,
56543,309.0,135.0,,
92618,306.0,135.0,J.D. (Law),yes
17470,306.0,305.0,"Master's Degree (M.A., M.S., MBA, etc.)",no
74211,507.0,135.0,"M.D., D.O., D.D.S., or D.V.M.",yes
35180,131.0,137.0,Ph.D or Ed.D.,no
89142,403.0,406.0,"Master's Degree (M.A., M.S., MBA, etc.)",no
24898,309.0,129.0,"M.D., D.O., D.D.S., or D.V.M.",yes
74413,503.0,116.0,"M.D., D.O., D.D.S., or D.V.M.",no
38824,128.0,135.0,J.D. (Law),no
51723,507.0,128.0,Ph.D or Ed.D.,yes
79352,510.0,110.0,"M.D., D.O., D.D.S., or D.V.M.",no
30814,126.0,507.0,Ph.D or Ed.D.,no
90502,309.0,135.0,,
94456,403.0,109.0,"Master's Degree (M.A., M.S., MBA, etc.)",no
70661,400.0,111.0,J.D. (Law),no
50976,305.0,135.0,"Bachelor's degree (B.A., B.S., etc.)",no
55533,508.0,506.0,Ph.D or Ed.D.,no
12156,502.0,135.0,"M.D., D.O., D.D.S., or D.V.M.",no
76485,309.0,135.0,"M.D., D.O., D.D.S., or D.V.M.",no
33239,510.0,135.0,"M.D., D.O., D.D.S., or D.V.M.",no
72570,305.0,135.0,"Bachelor's degree (B.A., B.S., etc.)",no
67574,302.0,135.0,"Master's Degree (M.A., M.S., MBA, etc.)",no
42231,403.0,501.0,"Master's Degree (M.A., M.S., MBA, etc.)",yes
44639,503.0,510.0,"M.D., D.O., D.D.S., or D.V.M.",no
64072,404.0,130.0,J.D. (Law),no
84960,309.0,135.0,"Bachelor's degree (B.A., B.S., etc.)",yes
43809,309.0,108.0,"Bachelor's degree (B.A., B.S., etc.)",no
27941,309.0,135.0,,
31033,401.0,135.0,"Master's Degree (M.A., M.S., MBA, etc.)",no
39301,309.0,135.0,"Master's Degree (M.A., M.S., MBA, etc.)",yes
10469,510.0,135.0,"M.D., D.O., D.D.S., or D.V.M.",no
77789,117.0,135.0,"Bachelor's degree (B.A., B.S., etc.)",no
47024,400.0,110.0,"Master's Degree (M.A., M.S., MBA, etc.)",no
88582,309.0,135.0,J.D. (Law),no
73897,403.0,135.0,"Master's Degree (M.A., M.S., MBA, etc.)",no
83470,130.0,135.0,J.D. (Law),no
67015,309.0,135.0,,
26272,502.0,510.0,"M.D., D.O., D.D.S., or D.V.M.",no
21909,309.0,135.0,,
88882,403.0,135.0,"Bachelor's degree (B.A., B.S., etc.)",no
62510,503.0,137.0,"M.D., D.O., D.D.S., or D.V.M.",no
96828,406.0,109.0,"Master's Degree (M.A., M.S., MBA, etc.)",no
64406,309.0,135.0,"Master's Degree (M.A., M.S., MBA, etc.)",no
31985,200.0,135.0,"Master's Degree (M.A., M.S., MBA, etc.)",no
91337,130.0,110.0,J.D. (Law),no
87664,301.0,135.0,Ph.D or Ed.D.,no
19245,403.0,109.0,"Master's Degree (M.A., M.S., MBA, etc.)",no
83748,117.0,401.0,"Master's Degree (M.A., M.S., MBA, etc.)",yes
49915,309.0,302.0,"Bachelor's degree (B.A., B.S., etc.)",yes
51865,117.0,125.0,"Master's Degree (M.A., M.S., MBA, etc.)",no
78407,305.0,108.0,"Bachelor's degree (B.A., B.S., etc.)",no
93787,507.0,510.0,Ph.D or Ed.D.,no
52621,309.0,135.0,,
38914,131.0,128.0,J.D. (Law),no
37594,200.0,135.0,"Master's Degree (M.A., M.S., MBA, etc.)",no
19833,503.0,135.0,Ph.D or Ed.D.,no
17270,200.0,116.0,"Master's Degree (M.A., M.S., MBA, etc.)",no
40864,511.0,135.0,"Master's Degree (M.A., M.S., MBA, etc.)",no
38313,309.0,135.0,,
55340,401.0,135.0,Ph.D or Ed.D.,no
18707,109.0,131.0,"Bachelor's degree (B.A., B.S., etc.)",yes
73807,309.0,135.0,,
26718,306.0,305.0,"Master's Degree (M.A., M.S., MBA, etc.)",no
63347,502.0,135.0,Other,no
35824,128.0,135.0,J.D. (Law),no
48826,304.0,135.0,"Master's Degree (M.A., M.S., MBA, etc.)",no
11454,406.0,111.0,"Bachelor's degree (B.A., B.S., etc.)",no
93246,403.0,134.0,"Master's Degree (M.A., M.S., MBA, etc.)",yes
75341,200.0,135.0,"Master's Degree (M.A., M.S., MBA, etc.)",no
35925,403.0,501.0,"Bachelor's degree (B.A., B.S., etc.)",yes
